Handle ,Title,Body (HTML),Vendor,Product Category,Type,Tags,Published,Option1 Name,Option1 Value,Variant SKU,Variant Price,Variant Inventory Qty,Variant Barcode,Image Src,Image Position,Status
altoids-breath-mints-artic-peppermint-1-2-oz-tin-pack-of-8,"Altoids Breath Mints, Artic Peppermint, 1.2 oz Tin (Pack of 8)","<p>
  Always stay fresh and ready for what comes your way with <strong>ALTOIDS Arctic Peppermint Breath Mints</strong>. From business meetings in the boardroom to first dates at your favorite watering hole, there's never a good time to have bad breath. These curiously cool breath mints will help keep you feeling fresh for every adventure. Packaged in a pocket-sized, stand-up tin, it's easy to take ALTOIDS Mints on the go, keep them in your car or stock them in your desk. No matter where you are, pop one of these precious mints and the next thing out of your mouth is sure to be sheer awesomeness. Now that's the curious strength of ALTOIDS!
</p>
<ul>
  <li>Contains eight (8) 1.2-ounce tins of Altoids Arctic Peppermint Breath Mints</li>
  <li>Altoids Arctic Mints come in an easy-to-pack, stand-up tin.</li>
  <li>Perfect to keep in your car, your bag or your desk</li>
  <li>Sugar free mints give you all of the mint with none of the sugar</li>
  <li>Keep your breath fresh with curiously cool peppermint flavor</li>
</ul>",Altoids,Food & Beverage,Food & Beverage,,TRUE,Title,Default Title,22000117311,29.99,10,22000117311,https://i5.walmartimages.com/seo/Altoids-Breath-Mints-Artic-Peppermint-1-2-oz-Tin-Pack-of-8_f290f09a-3483-4c41-95ed-4dd80c6ab7b2.be7ccf51c65e466368a2ddc80e77da5e.jpeg,1,active
altoids-breath-mints-artic-peppermint-1-2-oz-tin-pack-of-8,,,,,,,,,,,,,,https://i5.walmartimages.com/asr/7d657cff-9b22-4b05-a58d-615ded8cfe0a.e164848de23726c7adc89bff0c6c06f8.jpeg,2,
altoids-breath-mints-artic-peppermint-1-2-oz-tin-pack-of-8,,,,,,,,,,,,,,https://i5.walmartimages.com/asr/7c8cd3e4-da1f-4fa8-af9e-882f7be270eb.11978e9e830bd486e35c3ebeaeb2fa68.jpeg,3,
altoids-breath-mints-artic-peppermint-1-2-oz-tin-pack-of-8,,,,,,,,,,,,,,https://i5.walmartimages.com/asr/f8352cd7-78be-4420-aadb-8b2114cb8eb7.713f01b94cf26ec99bebe846d8a8652c.jpeg,4,
altoids-breath-mints-artic-peppermint-1-2-oz-tin-pack-of-8,,,,,,,,,,,,,,https://i5.walmartimages.com/asr/d29b15e2-331d-47d6-b708-bc89c99f8a9f.00d8c8d222e129f30e229ec26873ab72.jpeg,5,
rani-garam-masala-indian-11-spice-blend-16oz-1lb-454g-pet-jar-all-natural-salt-free-vegan-no-colors-gluten-friendly-non-gmo-indian-origin,"Rani Garam Masala Indian 11-Spice Blend 16oz (1lb) 454g PET Jar ~ All Natural, Salt-Free | Vegan | No Colors | Gluten Friendly | NON-GMO | Indian Origin","<p><strong>Rani Garam Masala (Indian 11 Spice Blend)</strong>  
Traditionally from Northern India, garam masala is a staple spice in Indian cookery. Garam, when translated, means “warm,” which best describes the properties of the blend. Warming ingredients such as cinnamon, mace, and ginger give garam masala a mellow, appealing aroma. It is an essential ingredient for making sauces for meat and poultry dishes, as well as a great companion to vegetable and lentil recipes. Garam masala is often used towards the end of the cooking process as an added seasoning and is often sprinkled over finished dishes to enhance the flavor.
</p>

<p><strong>You'll LOVE our Garam Masala Spice Blend by Rani Brand—Here's Why:</strong></p>
<ul>
  <li>?? Now KOSHER! Authentic 11 Spice Blend Garam Masala (unlike many others who use only 6-7 spices to keep costs down). Rani is a family-owned USA-based company selling spices for over 40 years, buy with confidence!</li>
  <li>?? Now KOSHER! 100% Natural, Non-GMO, No Preservatives, Vegan, Gluten Friendly PREMIUM Gourmet Food Grade Spice.</li>
  <li>?? Packed in a no-barrier Plastic Jar; let us tell you how important that is when using Indian Spices!</li>
  <li>?? Pure! NO FILLERS in any Rani Brand Spices (fillers are commonly used in spices to make them free flowing or lessen production costs) usually sodium or similar products.  
  Net Wt. 16oz (1lb) 454g, Product of India</li>
</ul>
",Rani Brand,Food & Beverage,Food & Beverage,,TRUE,Title,Default Title,680901192006,19.99,10,6.80901E+11,https://i5.walmartimages.com/seo/Rani-Garam-Masala-Indian-11-Spice-Blend-16oz-1lb-454g-PET-Jar-Natural-Salt-Free-Vegan-Colors-Gluten-Friendly-NON-GMO-Indian-Origin_ba13b1b4-9c60-4da1-a445-f53a4bd43870.40b57ec3f167474e6d58086809d48b13.jpeg,1,Active
rani-garam-masala-indian-11-spice-blend-16oz-1lb-454g-pet-jar-all-natural-salt-free-vegan-no-colors-gluten-friendly-non-gmo-indian-origin,,,,,,,,,,,,,,https://i5.walmartimages.com/asr/a452a87e-dc8c-453d-8db9-2f84b619f045.7477642d442f88127af0bf7820c5a53a.jpeg,2,
rani-garam-masala-indian-11-spice-blend-16oz-1lb-454g-pet-jar-all-natural-salt-free-vegan-no-colors-gluten-friendly-non-gmo-indian-origin,,,,,,,,,,,,,,https://i5.walmartimages.com/asr/64427a05-419d-48dd-aff2-eff44944861a.55e9395f70c3386b2db28ec530204b54.jpeg,3,
rani-garam-masala-indian-11-spice-blend-16oz-1lb-454g-pet-jar-all-natural-salt-free-vegan-no-colors-gluten-friendly-non-gmo-indian-origin,,,,,,,,,,,,,,https://i5.walmartimages.com/asr/48895f57-6735-4a80-b4ca-1239ab1d4334.0430944adf2a547a28e9a03b03968856.jpeg,4,
rani-garam-masala-indian-11-spice-blend-16oz-1lb-454g-pet-jar-all-natural-salt-free-vegan-no-colors-gluten-friendly-non-gmo-indian-origin,,,,,,,,,,,,,,https://i5.walmartimages.com/asr/4cb65e5c-ed8f-488f-8be0-e209a523f907.7e482c6e50d3c2c142fa210ad09294e3.jpeg,5,
rani-garam-masala-indian-11-spice-blend-16oz-1lb-454g-pet-jar-all-natural-salt-free-vegan-no-colors-gluten-friendly-non-gmo-indian-origin,,,,,,,,,,,,,,https://i5.walmartimages.com/asr/47741c8d-5612-4f8f-9ede-9773d7922462.ed2766a31385caf8e7bba88b843ad137.jpeg,6,
rani-garam-masala-indian-11-spice-blend-16oz-1lb-454g-pet-jar-all-natural-salt-free-vegan-no-colors-gluten-friendly-non-gmo-indian-origin,,,,,,,,,,,,,,https://i5.walmartimages.com/asr/f0308fce-eaa4-4d24-882f-80a530916886.e5fe9fd03800a6735e3380a3839a2098.jpeg,7,
rani-garam-masala-indian-11-spice-blend-16oz-1lb-454g-pet-jar-all-natural-salt-free-vegan-no-colors-gluten-friendly-non-gmo-indian-origin,,,,,,,,,,,,,,https://i5.walmartimages.com/asr/3785646e-b82f-486a-95d8-bc3a0d14673f.9f2d32cfb056497cc42e769e1393993a.jpeg,8,
rani-garam-masala-indian-11-spice-blend-16oz-1lb-454g-pet-jar-all-natural-salt-free-vegan-no-colors-gluten-friendly-non-gmo-indian-origin,,,,,,,,,,,,,,https://i5.walmartimages.com/asr/3dc5bd2b-5027-44ad-9693-470de31a8e83.ba3a29566d6a1188f50d1741e1b9868c.png,9,
rani-garam-masala-indian-11-spice-blend-16oz-1lb-454g-pet-jar-all-natural-salt-free-vegan-no-colors-gluten-friendly-non-gmo-indian-origin,,,,,,,,,,,,,,https://i5.walmartimages.com/asr/5b9e6d0a-2939-4f75-b95d-ebab1253751a.c598b93f92b03cd32f8c08e792bd77cb.jpeg,10,
wiley-wallaby-classic-red-mini-licorice-bites-3-5-ounce-gourmet-soft-chewy-australian-strawberry-licorice-candy-bags-18-pack,"Wiley Wallaby Classic Red Mini Licorice Bites 3.5 Ounce Gourmet Soft & Chewy Australian Strawberry Licorice Candy Bags, 18 Pack","<p><strong>What's better than your favorite licorice that you already buy in a bite-size snacking size form?</strong> These 3.5oz Bags are perfect for tossing in a backpack, lunch box, or on your deck for the day. In perfect bite-size pieces, just grab a few and toss them in your mouth. For Authentic Licorice Lovers Everywhere, Wiley Wallaby Australian Style Soft & Chewy Licorice will be a great addition to your store. This Natural strawberry-flavored licorice offers a delicious twist of fruit-chewy goodness!</p>

<ul>
  <li><strong>Mini Classic Red:</strong> All the soft, chewy, flavor-packed goodness of Wiley Wallaby licorice, now in a bite-sized version. Same great taste, just mini, because sometimes, bite-sized is the right size!</li>
  <li><strong>On-The-Go:</strong> Individually bagged and perfectly sized for your purse, backpack, or desk drawer. Always ready whenever your sweet tooth calls.</li>
  <li><strong>Made Better:</strong> No need to sacrifice great taste. We created a sweet candy with less sugar that still packs a punch of flavor.</li>
  <li><strong>Plant Based Candy:</strong> Plant-based and kosher certified, made with sustainable palm oil, and completely fat-free.</li>
  <li><strong>Share the Sweetness:</strong> A perfect treat for lunchboxes, party favors, trick-or-treating, gift bags, or simply spreading a little sweetness wherever you go!</li>
</ul>
",Wiley Wallaby,Food & Beverage,Food & Beverage,,TRUE,Title,Default Title,22224213837,0,10,22224213837,https://i5.walmartimages.com/seo/Wiley-Wallaby-Classic-Red-Mini-Licorice-Bites-3-5-Ounce-Gourmet-Soft-Chewy-Australian-Strawberry-Licorice-Candy-Bags-18-Pack_cb496304-ca42-49a0-8280-21baf4383b49.fc8ab8269cb541897671c2f62b8652f8.jpeg,1,active
wiley-wallaby-classic-red-mini-licorice-bites-3-5-ounce-gourmet-soft-chewy-australian-strawberry-licorice-candy-bags-18-pack,,,,,,,,,,,,,,https://i5.walmartimages.com/asr/98a20f30-3d74-43c0-a409-fba6abea6730.6ca6f2d9baf0cbea3bda0c5e90beaec6.jpeg,2,
wiley-wallaby-classic-red-mini-licorice-bites-3-5-ounce-gourmet-soft-chewy-australian-strawberry-licorice-candy-bags-18-pack,,,,,,,,,,,,,,https://i5.walmartimages.com/asr/3e81dad3-fb55-40fc-afdf-e5b84ab46a32.7604fa02dac4280adf4fbbeb3ff1bc84.jpeg,3,
wiley-wallaby-classic-red-mini-licorice-bites-3-5-ounce-gourmet-soft-chewy-australian-strawberry-licorice-candy-bags-18-pack,,,,,,,,,,,,,,https://i5.walmartimages.com/asr/c60ff765-f0f8-433e-87fe-6d48953809f1.13465ddb69bc0f348ddb6379af0cbf28.jpeg,4,
wiley-wallaby-classic-red-mini-licorice-bites-3-5-ounce-gourmet-soft-chewy-australian-strawberry-licorice-candy-bags-18-pack,,,,,,,,,,,,,,https://i5.walmartimages.com/asr/86763ca6-7069-4f0a-8572-b16e4dbbe349.828a351de8ea5dc9b79328097aa3b179.jpeg,5,
wiley-wallaby-classic-red-mini-licorice-bites-3-5-ounce-gourmet-soft-chewy-australian-strawberry-licorice-candy-bags-18-pack,,,,,,,,,,,,,,https://i5.walmartimages.com/asr/4abaf288-7adb-43ca-8017-ee5fd5f75583.c24d4ba2010000fbc3063e453ec8bcf3.jpeg,6,
waring-commercial-4-slice-medium-duty-toaster-wct708,Waring Commercial 4-Slice Medium Duty Toaster WCT708,"<p>
  This <strong>Waring® Commercial Toaster</strong> has four extra-wide slots allowing it to be used with bread and bagels. It can toast up to 225 slices per hour and has electronic browning controls. This toaster can be easily cleaned with its removable crumb trays.
</p>
<ul>
  <li>Model #: WCT708</li>
  <li>Brushed finish</li>
  <li>Removable crumb tray</li>
  <li>Four 1-1/8"" extra-wide slots</li>
  <li>Electronic browning controls</li>
  <li>Four self-centering bread racks</li>
  <li>15 amps, 1800W</li>
</ul>
<p><strong>Material:</strong> Steel<br>
<strong>Color:</strong> Stainless Steel<br>
<strong>Standards:</strong> NSF, UL Listed<br>
<strong>Voltage:</strong> 120V AC
</p>
",Waring,Home,Home,,TRUE,Title,Default Title,40072000812,299.99,10,40072000812,https://i5.walmartimages.com/seo/Waring-Commercial-Medium-Duty-Toaster-4-Slot_7912986e-932a-435a-9736-20e3bdcf878a.2e888cae94f05791c15cea0b7593f4b9.jpeg,1,active
waring-commercial-4-slice-medium-duty-toaster-wct708,,,,,,,,,,,,,,https://i5.walmartimages.com/asr/1d1d98f7-19da-4ef2-a261-8dd651c09d4b_1.d5895d9cc03856df204d030e60b6c228.jpeg,2,
waring-commercial-4-slice-medium-duty-toaster-wct708,,,,,,,,,,,,,,https://i5.walmartimages.com/asr/fc726306-26d8-4d65-8eeb-1b7a35142968.65103583f3ee0578f1271050880a3440.jpeg,3,
rips-bite-size-watermelon-pieces-4-oz-case-of-12,"Rips Bite-Size Watermelon Pieces, 4 Oz (Case of 12)","<p><strong>Rips Bite-Size Watermelon Pieces, 4 Oz (Case of 12)</strong>  
Fruity flavor, perfect for snacking.</p>
",Rip Rolls,Food & Beverage,Food & Beverage,,TRUE,Title,Default Title,48014375219,35.1,10,48014375219,https://i5.walmartimages.com/seo/Rips-Bite-Size-Watermelon-Pieces-4-Oz-Case-of-12_7667602b-b57e-430d-86ec-c9e842be5625_2.8b91907139c0e2417375687f557d4f3d.jpeg,1,active
rips-bite-size-watermelon-pieces-4-oz-case-of-12,,,,,,,,,,,,,,https://i5.walmartimages.com/asr/7759a74e-da0e-4e85-b873-3e92c3ab864a.d0112d5f219234444b4e7051ef732cb5.jpeg,2,
kirkland-signature-organic-ground-paprika-13-2-ounce,Kirkland Signature Organic Ground Paprika 13.2 Ounce,"<p>
  <strong>Kirkland Signature Organic Ground Paprika 13.2 Ounce</strong>  
  Paprika is a versatile ingredient with a complex flavor profile. From using it as a flavor enhancer in meat dishes to serving it as a garnish for deviled eggs and sauces, mild paprika is an essential seasoning you won’t want to be without.
</p>
<p>
  With its appealing ruby red color and unique flavor profile, paprika is a common ingredient in many European cuisines. It works well with savory and meaty dishes, providing depth, sweetness, and an irresistible aroma to favorites like Spanish paella, Eastern European goulash, and others.
</p>
<p>
  This paprika seasoning highlights the premium spice’s bold yet balanced flavor profile. These ingredients are carefully selected and sourced from around the world. With an emphasis on quality and consistency, this organic paprika allows chefs to add subtle heat and vibrant red color to their menu, helping save time and effort in the kitchen.
</p>
<p>
  While paprika powder has a distinctive flavor profile, it works well with many spices for a balance of sweet and mild heat. Combine your paprika powder with dark brown sugar, salt, garlic powder, black pepper, cayenne pepper, and celery seed for a spice mix to sprinkle over ribs or soft-boiled eggs.
</p>
<p>
  Organic Paprika will enhance many savory dishes on your menu, from rubs and marinades to sauces and stews. Combine it with spices and herbs like thyme, black pepper, and rosemary for a signature meat rub or seasoning. You can also mix it with cumin, oregano, and red pepper for a unique sauce or dip.
</p>
<p>
  Since this paprika powder is OU Kosher certified and free of salt and other additives, you can treat even more friends to flavorful dishes.
</p>
<ul>
  <li>Ship From Zip Code: 78620</li>
  <li>Weight (lbs.): 1.22 lb</li>
  <li>Length (in.): 10</li>
  <li>Width (in.): 2</li>
  <li>Height (in.): 12</li>
</ul>
",KIRKLAND,Food & Beverage,Food & Beverage,,TRUE,Title,Default Title,96619982363,19.99,10,96619982363,https://i5.walmartimages.com/seo/Kirkland-Signature-Organic-Ground-Paprika-13-2-Ounce_8beaa952-f558-4a93-8230-d686d77ab8be.9c9e9d848ab0fc2a2dcf25a59ef3c918.jpeg,1,active
kirkland-signature-organic-ground-paprika-13-2-ounce,,,,,,,,,,,,,,https://i5.walmartimages.com/asr/7bfd35a8-9176-4fff-a96e-00fb4aa3936a.3378ab0da6b0d4339d347a2f3133dc95.jpeg,2,
faultless-lavender-starch-20-oz-can,Faultless? Lavender Starch 20 oz. Can,"<p>
  Faultless' unique formula sprays on evenly to provide the body you normally get only from professional laundering. Shirts and blouses come out sharp and crisp. Contains a silicone ironing aid that makes the iron glide easier. Imparts a fresh lavender scent.
</p>
<ul>
  <li>Extra Crisp Finish - Professional Formula. Look Fresh and Professional All Day.</li>
  <li>Formulated to Reduce Clogging</li>
  <li>Contains Fib Refresher - Fabric Refresher</li>
  <li>Makes Ironing Easier</li>
  <li>Gives More Body than Regular Starch</li>
  <li>Sprays on Evenly</li>
</ul>
",Faultless,Household Cleaning Products & Supplies,Household Cleaning Products & Supplies,,TRUE,Title,Default Title,17500207372,24.99,10,17500207372,https://i5.walmartimages.com/seo/Faultless-Lavender-Starch-20-oz-Can_fe7e1615-c98f-473e-9a30-b58966308385.d1df157771bc4f269f868322fd79334a.png,1,active
faultless-lavender-starch-20-oz-can,,,,,,,,,,,,,,https://i5.walmartimages.com/asr/99fcb334-94ea-4644-8b11-5363b106237e.6cc6e4f443c1b1dc2144cdd7acd4f373.jpeg,2,
faultless-lavender-starch-20-oz-can,,,,,,,,,,,,,,https://i5.walmartimages.com/asr/cdc4af71-8b9c-462b-909f-b058bd6b188a.68b054e7fa89a0c40bb6765cace3887b.png,3,
funyuns-flamin-hot-flavor-1-25-ounce-pack-of-64,"Funyuns, Flamin' Hot Flavor, 1.25 Ounce (Pack of 64)","<p>
  <strong>FUNYUNS Onion Flavored Rings</strong> are a deliciously different snack that’s fun to eat, with a crisp texture and zesty onion flavor. Next time you're in the mood for a tasty treat that's out of the ordinary, try FUNYUNS Onion Flavored Rings.
</p>
<p>
  These Funyuns Flamin Hot Onion Flavored Rings give you the delicious zest of the Funyuns that you enjoy with a spicy taste. It's a deliciously different snack that's fun. These Funyuns onion flavored rings have the flavor that you have known for years with a new touch.
</p>
<p>
  They come with the crispy texture and shape of an onion ring with the sizzle that will set your mouth on fire. These flamin hot snacks are fun to eat on the go or at home with your family and to enjoy with your favorite foods.
</p>
<p>
  If you can stand the heat, they're ideal for picnics, parties, and lunches.
</p>
<p>
  <strong>Funyuns Flamin' Hot - 1.25oz per Bag, Case of 64 Bags</strong>
</p>
",Funyuns,Food & Beverage,Food & Beverage,,TRUE,Title,Default Title,28400490108,79.99,10,28400490108,https://i5.walmartimages.com/seo/Funyuns-Flamin-Hot-Flavor-1-25-Ounce-Pack-of-64_3e2133d5-3a97-464c-8939-3f55e0315487.a5cd38b2a88dcddb61625a572cbc58a9.jpeg,1,active
funyuns-flamin-hot-flavor-1-25-ounce-pack-of-64,,,,,,,,,,,,,,https://i5.walmartimages.com/asr/f12414db-1fd5-4af5-9c30-b698818a461f.85172f96fdea3f8f69fb8c7774d23077.jpeg,2,
york-dark-chocolate-peppermint-patties-candy-bulk-box-84-oz-175-pieces,"YORK Dark Chocolate Peppermint Patties, Candy Bulk Box, 84 oz (175 Pieces)","<p>
  Indulge in the rich, dark chocolate and cool peppermint flavor of these <strong>York Peppermint Patties</strong>.
</p>
<p>
  Display these treats on a countertop, front desk, or break room table to give everyone the refreshing taste of peppermint and dark chocolate. This box contains 175 individually wrapped York Peppermint Patties so every guest and employee can enjoy a soft, fresh treat.
</p>
<ul>
  <li>Chocolate is a perfect addition to any dessert table.</li>
  <li>Everyday theme.</li>
  <li>This product is gluten-free and kosher.</li>
  <li>84 oz. package.</li>
  <li>175 per box.</li>
  <li>Peppermint flavor.</li>
  <li>Individually wrapped candies make it easy to share them.</li>
</ul>

<h3>About York Peppermint Patties</h3>
<p>
  York Peppermint Patties have been providing the uniquely refreshing taste of cool peppermint and smooth dark chocolate since 1940. Try them in king size, miniatures, snack size, pieces, or poured over ice cream and other desserts with York Sundae Syrup! York Peppermint Patties are also delicious when added to brownies, bars, and other recipes.
</p>

<h4>Ingredients</h4>
<p>
  Sugar, corn syrup, semi-sweet chocolate (chocolate, sugar, cocoa, milk fat, lecithin, cocoa butter, PGPR, natural flavor, milk), invert sugar, egg whites, oil of peppermint.
</p>

<h4><strong>Peppermint Patties Candy:</strong></h4>
<ul>
  <li>Contains one (1) 84-ounce, 175-piece bulk box of YORK Dark Chocolate Peppermint Patties Candy</li>
  <li>A minty and rich dark chocolate peppermint candy treat for movie marathons, snack breaks, desserts, and fundraisers</li>
  <li>Includes 175 gluten-free and kosher dark chocolate covered YORK peppermint patties candy individually wrapped</li>
  <li>Use YORK bulk candy for filling birthday and retirement party dessert tables, concessions and vending machines or bridal and baby shower candy dishes</li>
  <li>Cool peppermint coated in rich dark chocolate to refresh your taste buds</li>
  <li>Wrap your favorite cookie dough around this bite-size chocolate candy for a unique and savory baking technique</li>
</ul>
",YORK,Tools & Hardware Other,Tools & Hardware Other,,TRUE,Title,Default Title,34000066421,29.99,10,34000066421,https://i5.walmartimages.com/seo/YORK-Dark-Chocolate-Peppermint-Patties-Candy-Gluten-Free-84-oz-Bulk-Box-175-Pieces_a3331e01-9266-4036-b507-47fc17d34213.e9d4880c855a8355d2b097277bff278c.jpeg,1,active
york-dark-chocolate-peppermint-patties-candy-bulk-box-84-oz-175-pieces,,,,,,,,,,,,,,https://i5.walmartimages.com/asr/e5349323-d665-49c1-b03c-0acaa460a3f2.6f421521eb3386c25cfb33cd6d8a3e34.jpeg,2,
kit-kat-milk-chocolate-wafer-candy-bars-1-5-oz-36-count,"Kit Kat Milk Chocolate Wafer Candy, Bars 1.5 oz, 36 Count","<p>
  Ready for a classic everyone hopes to find in the candy selection? These bulk full size <strong>KIT KAT candy bars</strong> are individually wrapped for optimal convenience, easy sharing, and lasting freshness. Whether you gift them to friends, pass them out in the office, or hold onto them for snacking moments, you can expect a delicious treat in the perfect size.
</p>
<p>
  Throw one in your lunch box to treat yourself to a sweet dessert, or stock your home and office candy selections with an easy snacking classic.
</p>
<ul>
  <li>Contains thirty-six (36) 1.5-ounce packs of KIT KAT Milk Chocolate Wafer Candy Bars</li>
  <li>Fill snack drawers, lunch boxes, and candy dishes all year long with milk chocolate and wafer KIT KAT candy bars</li>
  <li>Kosher certified, bulk milk chocolate wafer candy bars individually wrapped for lasting freshness and perfect as resale, vending, or fundraising candy</li>
  <li>Be the biggest hit at birthday, anniversary, retirement, graduation, new baby, or wedding parties with classic milk chocolate wafer candy everyone knows and loves</li>
  <li>Enjoy a delicious snack that you can take anywhere, from everyday occasions to seasonal gatherings throughout the year</li>
  <li>Break off a piece of KIT KAT candy to place on top of any cookies or brownies you bake for an extra sweet treat sure to become everyone's new favorite</li>
</ul>
",KITKAT,Food & Beverage,Food & Beverage,,TRUE,Title,Default Title,34000246007,54.99,10,34000246007,https://i5.walmartimages.com/seo/Kit-Kat-Milk-Chocolate-Wafer-Candy-Bars-1-5-oz-36-Count_29f25420-70d8-4ea7-b807-01f2d359ceb3.cb5b3571fe0dab1289aac160e9f0c415.jpeg,1,active
kit-kat-milk-chocolate-wafer-candy-bars-1-5-oz-36-count,,,,,,,,,,,,,,https://i5.walmartimages.com/asr/3b69028b-4a3c-47ab-910e-cbac95a7d2bd.1fd506b8fa8e0c11ba5abed800713db2.jpeg,2,
kit-kat-milk-chocolate-wafer-candy-bars-1-5-oz-36-count,,,,,,,,,,,,,,https://i5.walmartimages.com/asr/f97794ee-f22b-4cd5-a062-ef67c270427e.e89b4cf86f61bab553189519ddfb4cbd.jpeg,3,
kit-kat-milk-chocolate-wafer-candy-bars-1-5-oz-36-count,,,,,,,,,,,,,,https://i5.walmartimages.com/asr/e8d59471-2471-4312-99ab-cc2d76bed7f0.e65f8acb2d0574d50dfdf41199a48dc0.jpeg,4,
kit-kat-milk-chocolate-wafer-candy-bars-1-5-oz-36-count,,,,,,,,,,,,,,https://i5.walmartimages.com/asr/ed8b323c-5ce1-45f9-bdcc-db58d0ab0bf7.510cc8e1d59c5d00f4c8d0fb2da9dc7d.jpeg,5,
kit-kat-milk-chocolate-wafer-candy-bars-1-5-oz-36-count,,,,,,,,,,,,,,https://i5.walmartimages.com/asr/eb5164d5-e3c2-4dd3-82d1-1d2aefc9deb1.85ba9421021cc944ea88ff5cd638a0db.jpeg,6,
kit-kat-milk-chocolate-wafer-candy-bars-1-5-oz-36-count,,,,,,,,,,,,,,https://i5.walmartimages.com/asr/b2dd7c4e-505c-4eba-972f-6b232e8ecdde.ec3fc004ab651bbd1c6c614eaece5b41.jpeg,7,
kit-kat-milk-chocolate-wafer-candy-bars-1-5-oz-36-count,,,,,,,,,,,,,,https://i5.walmartimages.com/asr/eb1da6a2-c707-4c2a-a2eb-054e53813ff6.f8b0ebc784f8e1b7f60bb8e5194c31de.jpeg,8,
kit-kat-milk-chocolate-wafer-candy-bars-1-5-oz-36-count,,,,,,,,,,,,,,https://i5.walmartimages.com/asr/7afc9da6-e6c5-4981-ad03-8b38518a0263.9337fa107a30bef1cad114b4a3179197.jpeg,9,
kirkland-signature-cutlery-clear-360-count,"Kirkland Signature Cutlery, Clear (360 Count)","<p>
  Premium strength crystal Clear cutlery contains 360 premium weight pieces - 180 forks, 120 spoons, and 60 knives, each in convenient, individually wrapped 20 count packs. Quality cutlery, designed for all occasions, banquets, parties, upscale catering, or at home.
</p>
<ul>
  <li>Crystal Clear, Premium strength</li>
  <li>Cutlery combo</li>
  <li>180 - Forks</li>
  <li>120 - Spoons</li>
  <li>60 - Knives</li>
</ul>
",KIRKLAND,"Home Decor, Kitchen, & Other","Home Decor, Kitchen, & Other",,TRUE,Title,Default Title,96619126484,29.48,10,96619126484,https://i5.walmartimages.com/seo/Kirkland-Signature-Crystal-Clear-Cutlery-360-Count-Pack-of-1_c5a0904a-8264-489d-8a6d-ecfc58101e5b.97cccd27dc220d703115584031caa679.jpeg,1,active
kirkland-signature-cutlery-clear-360-count,,,,,,,,,,,,,,https://i5.walmartimages.com/asr/ea16c183-d96c-494d-8ec5-2f703ea118e9_1.7c3cb231089e32df35d86a51fdce5b99.jpeg,2,
life-savers-gummies-five-flavors-7-ounce-12-per-case,"Life Savers Gummies Five Flavors, 7 ounce -- 12 per case","<p>
  Cherry, Watermelon, Green Apple, Blackberry & Strawberry. Naturally & artificially flavored. Made in USA.
</p>
<p>
  It's important to take a minute to appreciate the simple joys in life. One pleasure that's easy to always have handy is <strong>Life Savers Hard Candy</strong>. A classic American candy since 1912, the flavors of Life Savers Hard Candy have stood the test of time.
</p>
<p>
  Please allow up to 4 days of processing due to shipping constraints.
</p>
",Life Savers,Food & Beverage,Food & Beverage,,TRUE,Title,Default Title,10019000083422,43.99,10,,https://i5.walmartimages.com/seo/Life-Savers-Gummies-Five-Flavors-7-ounce-12-per-case_da430214-c4db-4749-9b27-70141650c041.2dd4792d705d1efcdaaa6b68dea6668b.jpeg,1,active
hidden-valley-original-ranch-dressing-buttermilk-with-seasoning-use-for-ranch-dip-toppings-and-quick-meals-easy-squeeze-bottle-20-fl-oz-pack-of-6,"Hidden Valley Original Ranch Dressing, Buttermilk With Seasoning, Use for Ranch Dip, Toppings and Quick Meals, Easy Squeeze Bottle, 20 fl. oz., Pack of 6","<p>
  Give every meal more delicious flavor with <strong>Hidden Valley Original Ranch Dressing</strong>. Made with buttermilk and a blend of herbs and spices, this thick and creamy dressing is a family favorite. The premixed gluten-free salad dressing is ready to enjoy after a quick shake, so it's ideal for topping quick meals.
</p>
<p>
  Add Hidden Valley Original Ranch Dressing to more than just salads; this ranch dip is the perfect pairing for a veggie platter, party wings, fries, and more, making it ideal for dipping, dunking, and drizzling! In a handy Easy Squeeze salad dressing bottle, this 20-oz. ranch topping is a must-have for the kitchen table and picnic basket; it's perfect for mess-free meals and easy sharing.
</p>
<p>
  America’s No. 1-selling ranch dressing that’s sure to become your main squeeze, Hidden Valley Ranch Dressing is Ranch Done Right (1). (1) Based on IRI unit sales data L52W ending 8/25/24 for Hidden Valley Original Ranch.
</p>
<ul>
  <li><strong>Delicious Flavor:</strong> One 20-oz. Easy Squeeze bottle of Hidden Valley Original Ranch Dressing for scrumptious flavor to delight your taste buds with every bite</li>
  <li><strong>Ranch Done Right:</strong> Flavorful medley of ranch seasoning combined with creamy buttermilk to create America’s favorite ranch</li>
  <li><strong>Gluten Free Dressing:</strong> Crowd-pleasing, gluten-free salad dressing that's perfect for school lunches, tailgating, and more</li>
  <li><strong>More Than a Salad Topping:</strong> Ranch dip makes a great topping, spread or dipping sauce for a veggie platter, pizza, party wings, fries, pasta salad and more</li>
  <li><strong>Quick Meals Made Easy:</strong> Add instant flavor to hamburgers, sandwiches, wraps, or side dishes with creamy Hidden Valley Ranch Dressing</li>
</ul>
",Hidden Valley,Food & Beverage,Food & Beverage,,TRUE,Title,Default Title,10071100000211,39.99,10,6.01958E+11,https://i5.walmartimages.com/seo/Hidden-Valley-Easy-Squeeze-Original-Ranch-Salad-Dressing-and-Topping-20-Fluid-Ounce-Bottle-Pack-of-6_64681dd4-b214-45db-b16e-8c1973fbb28e.807771b463ce54ded7a762a2ead79daf.jpeg,1,active
hidden-valley-original-ranch-dressing-buttermilk-with-seasoning-use-for-ranch-dip-toppings-and-quick-meals-easy-squeeze-bottle-20-fl-oz-pack-of-6,,,,,,,,,,,,,,https://i5.walmartimages.com/asr/abb8f11d-ecc5-4964-a076-2910464a953e.398589b68554fc0f2729cbb7cd97ca2f.jpeg,2,
hidden-valley-original-ranch-dressing-buttermilk-with-seasoning-use-for-ranch-dip-toppings-and-quick-meals-easy-squeeze-bottle-20-fl-oz-pack-of-6,,,,,,,,,,,,,,https://i5.walmartimages.com/asr/7087200e-2b08-4370-b68d-1fe4d3008dc0.fbc3762a3cce215d6f8862e4082ee1ab.jpeg,3,
hidden-valley-original-ranch-dressing-buttermilk-with-seasoning-use-for-ranch-dip-toppings-and-quick-meals-easy-squeeze-bottle-20-fl-oz-pack-of-6,,,,,,,,,,,,,,https://i5.walmartimages.com/asr/1e0237b1-a826-44fe-aecd-08cb21d55259.001028bcf24149087c0ddffa897199e7.jpeg,4,
hidden-valley-original-ranch-dressing-buttermilk-with-seasoning-use-for-ranch-dip-toppings-and-quick-meals-easy-squeeze-bottle-20-fl-oz-pack-of-6,,,,,,,,,,,,,,https://i5.walmartimages.com/asr/8675042f-dcbf-497a-b7d5-21b5a75d2365.53addcacc509a4174e8bc69d8dc583a5.jpeg,5,
hidden-valley-original-ranch-dressing-buttermilk-with-seasoning-use-for-ranch-dip-toppings-and-quick-meals-easy-squeeze-bottle-20-fl-oz-pack-of-6,,,,,,,,,,,,,,https://i5.walmartimages.com/asr/0494e784-1090-44cf-843b-6c2c1acf45c5.1db53f49ce55d2c4413aa13986b17695.jpeg,6,
hidden-valley-original-ranch-dressing-buttermilk-with-seasoning-use-for-ranch-dip-toppings-and-quick-meals-easy-squeeze-bottle-20-fl-oz-pack-of-6,,,,,,,,,,,,,,https://i5.walmartimages.com/asr/b5059497-e15a-41a1-b6d7-a7545e4c02b9.bf613068197bfaa4bf5741e2b2598fe8.jpeg,7,
hidden-valley-original-ranch-dressing-buttermilk-with-seasoning-use-for-ranch-dip-toppings-and-quick-meals-easy-squeeze-bottle-20-fl-oz-pack-of-6,,,,,,,,,,,,,,https://i5.walmartimages.com/asr/938c71c0-8bb5-4ce0-a04d-439cf4ed3ccf.c5352203f1255684950d8f401d66970d.jpeg,8,
hidden-valley-original-ranch-dressing-buttermilk-with-seasoning-use-for-ranch-dip-toppings-and-quick-meals-easy-squeeze-bottle-20-fl-oz-pack-of-6,,,,,,,,,,,,,,https://i5.walmartimages.com/asr/9b786d8a-6147-4593-807b-7e4f4f26abbd.a0d4e4fa5bea0adb55eedbbd40241e46.jpeg,9,
twang-twangerz-flavored-salt-bcf26-snack-topping-lime-lemon-lime-chili-lime-dill-pickle-chili-lime-4-pack,"Twang Twangerz Flavored Salt BCF26 Snack Topping - Lime, Lemon Lime, Chili Lime & Dill Pickle (Chili Lime, 4 Pack)","<p>Twang Twangerz Flavored Salt Snack Topping - Lime, Lemon Lime, Chili Lime & Dill Pickle (Chili Lime, 4 Pack)</p>
",Twang,Food & Beverage,Food & Beverage,,TRUE,Title,Default Title,2266042146283,16.99,10,,https://i5.walmartimages.com/seo/Twang-Twangerz-Flavored-Salt-BCF26-Snack-Topping-Lime-Lemon-Lime-Chili-Lime-Dill-Pickle-Chili-Lime-4-Pack_151643e2-c365-409f-9e15-7faf6a73c1e0.75e05a1d4a5fb412c83ff71c8b1efdaa.jpeg,1,active
red-bull-the-sea-blue-edition-juneberry-energy-drink-fat-0-8-5-fl-oz-pack-of-24,Red Bull The Sea Blue Edition Juneberry - Energy drink - Fat: 0 % - 8.5 fl.oz - pack of 24,"<p>
  <strong>Red Bull The Sea Blue Edition - Juneberry</strong> is a refreshing energy drink designed to provide a boost with its unique flavor. This 250 ml drink combines an invigorating taste of juneberry with the energizing effects of caffeine, making it perfect for those on the go. With a fat content of 0%, this artificially flavored drink offers a way to stay energized throughout the day.
</p>

<p><strong>Case Pack</strong><br>
Twenty-four (24) 8.4 fl oz cans of Red Bull Energy Drink Juneberry Summer Edition</p>

<p><strong>Ingredients</strong><br>
Caffeine, Taurine, some B-Group Vitamins, Sugars</p>

<p><strong>Caffeine Content</strong><br>
One 8.4 fl oz can of Red Bull Juneberry Summer Edition contains 80 mg of caffeine, about the same amount as in a cup of home-brewed coffee.</p>

<p><strong>Dietary Considerations</strong><br>
Wheat-free, gluten-free, dairy-free, lactose-free, vegetarian</p>

<p><strong>Benefits</strong><br>
Vitalizes Body and Mind.</p>
",Red Bull,Food & Beverage,Food & Beverage,,TRUE,Title,Default Title,611269001631,64.99,10,6.11269E+11,https://i5.walmartimages.com/seo/Red-Bull-The-Sea-Blue-Edition-Juneberry-Energy-drink-Fat-0-8-5-fl-oz-pack-of-24_7a3e9643-87c5-4471-bba4-cfa420985372.0fc111c71d91d00eef11c566cefe9212.jpeg,1,active
red-bull-the-sea-blue-edition-juneberry-energy-drink-fat-0-8-5-fl-oz-pack-of-24,,,,,,,,,,,,,,https://i5.walmartimages.com/asr/4380a6de-b6c3-4ae9-b3d8-5d3f0cc1ae74.57f45f82438daf93f4c4febff1b699e2.jpeg,2,
bagcraft-p011010-qf10-10-in-x-10-1-4-in-interfolded-dry-wax-paper-white-12-boxes-carton-500-box,"Bagcraft P011010 QF10 10 in. x 10-1/4 in. Interfolded Dry Wax Paper - White (12 Boxes/Carton, 500/Box)","<p>
  Upgrade your kitchen with the <strong>Interfolded Dry Waxed Paper</strong>. It uses a moisture-resistant dry wax coating that keeps the paper strong, even when wet. Its versatile design allows for a variety of uses—wrap food to keep it fresh in the fridge, use it as a scale sheet for measuring portions, line baskets, or as a pick-up sheet for wet or greasy foods. The pop-up box and interfolded-sheet packaging simplify dispensing. Each carton contains 12 boxes.
</p>

<p><strong>Bagcraft QF10 Interfolded Dry Wax Paper, 10 x 10 1/4, White, 500/Box, 12 Boxes/Carton:</strong></p>

<p><strong>Key Features</strong></p>
<ul>
  <li>Moisture-resistant dry wax coating</li>
  <li>Food wrapping paper with versatile design for other uses</li>
  <li>Pop-up box and interfolded-sheet packaging for easy dispensing</li>
  <li>Useful and convenient in home kitchens or venues</li>
  <li>Model: QF10</li>
  <li>Color: White</li>
  <li>Size: 10"" x 10 1/4""</li>
</ul>
",Packaging Dynamics,Household Cleaning Products & Supplies,Household Cleaning Products & Supplies,,TRUE,Title,Default Title,787074000227,80.52,10,7.87074E+11,https://i5.walmartimages.com/seo/Bagcraft-QF10-Interfolded-Dry-Wax-Paper-10-x-10-1-4-White-500-Box-12-Boxes-Carton_982de5d9-5dce-4e15-8752-c7b27282af95.0912d9da0dd663cb7e2bc7b115fa6ba7.jpeg,1,active
bagcraft-p011010-qf10-10-in-x-10-1-4-in-interfolded-dry-wax-paper-white-12-boxes-carton-500-box,,,,,,,,,,,,,,https://i5.walmartimages.com/asr/ea49644a-0f27-49ea-847a-a987feed8f77.99a9e89635b1c675ac80d62a32b70554.jpeg,2,
bagcraft-p011010-qf10-10-in-x-10-1-4-in-interfolded-dry-wax-paper-white-12-boxes-carton-500-box,,,,,,,,,,,,,,https://i5.walmartimages.com/asr/7bb8e763-7378-4625-a3e0-f271045ced24.f728f4f705a432d3d253347a8c88a793.jpeg,3,
mentos-pure-fresh-gum-fresh-mint-50-piece-curvy-bottle-pack-of-6,Mentos Pure Fresh Gum Fresh Mint 50 Piece Curvy Bottle - Pack of 6,"<p><strong>Product details</strong><br>
Box of 6 Bottles of Mentos Pure Fresh Gum, 50 gum pieces per bottle, Fresh Mint flavored gum
</p>
<ul>
  <li>Sugar free</li>
  <li>Fat free</li>
  <li>Gluten free</li>
</ul>
",Mentos,Food & Beverage,Food & Beverage,,TRUE,Title,Default Title,73390012137,34.99,10,73390012137,https://i5.walmartimages.com/seo/Mentos-Pure-Fresh-Gum-Fresh-Mint-50-Piece-Curvy-Bottle-Pack-of-6_19fa106e-dc95-4d2b-bfdf-5968ad7f015d.f83edddfc1a7a692160c1f28eb0e4def.jpeg,1,active
mentos-pure-fresh-gum-fresh-mint-50-piece-curvy-bottle-pack-of-6,,,,,,,,,,,,,,https://i5.walmartimages.com/asr/5ef6b049-08b0-4b66-a117-2b3fde8f3a09.760a9ebc9598e894f778f289bf512665.jpeg,2,
mentos-pure-fresh-gum-fresh-mint-50-piece-curvy-bottle-pack-of-6,,,,,,,,,,,,,,https://i5.walmartimages.com/asr/7b2b3386-138d-461f-adb8-5ade70630810.179776b88aabb5cc96d6253323d8cddf.jpeg,3,
mentos-pure-fresh-gum-fresh-mint-50-piece-curvy-bottle-pack-of-6,,,,,,,,,,,,,,https://i5.walmartimages.com/asr/12843206-98eb-4acf-b9a8-a84726cd7eb6.832b5cf424946dd63ef7c57a4fd34eea.jpeg,4,
mentos-pure-fresh-gum-fresh-mint-50-piece-curvy-bottle-pack-of-6,,,,,,,,,,,,,,https://i5.walmartimages.com/asr/d7c793ee-6308-4278-8d1b-794540c9dea7.96ea96d8c6f7ad17ac6d9a63078a8298.jpeg,5,
mentos-pure-fresh-gum-fresh-mint-50-piece-curvy-bottle-pack-of-6,,,,,,,,,,,,,,https://i5.walmartimages.com/asr/1949da0b-b32d-49f0-bf3e-4064056ebe12.9bbcf512ff61b83d65cba739215561fe.jpeg,6,
samyang-buldak-carbonara-ramen-6-pack-big-bowl,SAMYANG BULDAK CARBONARA RAMEN 6 Pack (BIG BOWL),"<p>
  <strong>Samyang Carbonara Buldak</strong> brings together rich, creamy flavors and fiery spice for a truly unique ramen experience. Enjoy the velvety smoothness of classic carbonara pasta blended with Samyang’s signature spicy Buldak sauce. The creamy sauce coats chewy, high-quality noodles, creating a perfect balance of heat and creaminess with every bite. Immerse yourself in a world where spice meets luxury—elevate your meal with Samyang’s Carbonara Buldak!
</p>
<ul>
  <li>Smooth, medium-spiciness Buldak ramen</li>
  <li>Rich creaminess of traditional carbonara flavor combined with the fiery kick of Buldak ramen</li>
  <li>High-quality, bouncy texture noodles</li>
  <li>KMF Halal certified</li>
</ul>
",Samyang,Food & Beverage,Food & Beverage,,TRUE,Title,Default Title,8801073250574,24.99,10,,https://i5.walmartimages.com/seo/SAMYANG-BULDAK-CARBONARA-RAMEN-6-Pack-BIG-BOWL_8dd3298e-ae65-484d-b259-374a44cf8cc7.b4f84f50504201e11266e7c0c215e78d.png,1,active
samyang-buldak-carbonara-ramen-6-pack-big-bowl,,,,,,,,,,,,,,https://i5.walmartimages.com/asr/73570cd1-1da8-4623-9df3-44dbcd8f6089.556f3136e68532bce55a19c189a66524.png,2,
samyang-buldak-carbonara-ramen-6-pack-big-bowl,,,,,,,,,,,,,,https://i5.walmartimages.com/asr/07707415-4410-476d-8c8d-974573a613e6.d214a5a5889e033ebbf3ec71bdf2d65f.jpeg,3,
samyang-buldak-carbonara-ramen-6-pack-big-bowl,,,,,,,,,,,,,,https://i5.walmartimages.com/asr/1f134138-803c-4e02-84ee-eb71fc227374.2c85ae2420825427a0e7b6e4aca4858c.jpeg,4,
kirkland-signature-walnut-halves-3-pounds,Kirkland Signature Walnut Halves 3 Pounds,"<p>
  <strong>Kirkland Signature Walnut Halves 3 Pounds</strong> offers a delicious, heart-healthy addition to any meal. Made with ingredients known to promote heart health, these walnuts are packed with essential vitamins and minerals for maximum nutritional benefit.
</p>
<ul>
  <li><strong>Heart-Healthy:</strong> Supports heart health with high-quality nutrients and vitamins.</li>
  <li><strong>Low in Calories:</strong> Provides a guilt-free boost of flavor and nutrition without excess calories, helping you stay on track with dietary goals.</li>
  <li><strong>Nutrient-Rich:</strong> Delivers essential vitamins, minerals, and other nutrients for maintaining a healthy lifestyle.</li>
  <li><strong>Low in Carbs and Fats:</strong> Enjoy a tasty, satisfying snack or meal addition without worrying about excessive carbs or fats.</li>
  <li><strong>Delicious:</strong> Features a pleasing, naturally sweet and savory flavor that appeals to everyone.</li>
</ul>
",KIRKLAND,Food & Beverage,Food & Beverage,,TRUE,Title,Default Title,96619362851,29.99,10,96619362851,https://i5.walmartimages.com/seo/Kirkland-Signature-Walnut-Halves-3-Pounds_4c42d184-ffd0-47a2-9d57-6a0285dd26bd.a0b1a9c38f8d56444c981a196d51564a.jpeg,1,active
kirkland-signature-walnut-halves-3-pounds,,,,,,,,,,,,,,https://i5.walmartimages.com/asr/3192ee58-87ba-42d1-ac89-843a57cb4545.a70529ec2378bb61e6458d677e788659.jpeg,2,
kirkland-signature-walnut-halves-3-pounds,,,,,,,,,,,,,,https://i5.walmartimages.com/asr/fd89f175-fcf8-43c2-90a9-77ae27b7a4c7.fd8e361ea4a038bf945454f5658aa85a.jpeg,3,
kirkland-signature-walnut-halves-3-pounds,,,,,,,,,,,,,,https://i5.walmartimages.com/asr/3a1c547f-d66d-433b-9cfd-4e1b200523d7.74132f32e48687ae77049f00626d61a9.jpeg,4,
kirkland-signature-walnut-halves-3-pounds,,,,,,,,,,,,,,https://i5.walmartimages.com/asr/00435782-dd3f-4ba2-abfb-9916c79b2ce2.12e3f49639d1c0966f2c90a80b0ed7e2.jpeg,5,
albanese-worlds-best-12-flavor-gummi-bears-7-5-ounce-peg-bag-pack-of-12,"Albanese Worlds Best 12 Flavor Gummi Bears, 7.5 Ounce Peg Bag (Pack Of 12)","<p>
  <strong>Albanese Worlds Best 12 Flavor Gummi Bears, 7.5 Ounce Peg Bag (Pack of 12)</strong>
</p>
<p>
  <strong>Brand:</strong> Albanese<br>
  <strong>Flavor:</strong> Cherry, Pink Grapefruit, Watermelon, Strawberry, Orange, Blue Raspberry, Lime, Grape, Green Apple, Mango, Pineapple, Lemon<br>
  <strong>Color:</strong> Multi<br>
  <strong>Item Form:</strong> Gummy<br>
  <strong>Style:</strong> Bear<br>
  <strong>Allergy Friendly:</strong> Peanut free, tree nut free, dairy free, MSG free, gluten free, no artificial sweeteners<br>
  <strong>Dietary:</strong> Fat free, allergen-free, gluten-free, low sodium<br>
</p>
<p>
  <strong>Truly Fruity:</strong> Enjoy 12 vibrant fruit flavors in every bag—sweet, sour, and bursting with fresh fruit taste.<br>
  <strong>Stock Up the Flavor:</strong> Perfect for all tastes, these gummies are a favorite among kids and adults alike. Also available in gummy worms, bears, butterflies, peach, and apple rings—natural, sour, and sugar-free options.<br>
  <strong>Recipe for Success:</strong> Made with high-quality ingredients in the USA for over 30 years. Experience the difference with Albanese’s wide selection of gummies, chocolates, nuts, and mixes.
</p>
",Albanese,Food & Beverage,Food & Beverage,,TRUE,Title,Default Title,100378728985,39.99,10,1.00379E+11,https://i5.walmartimages.com/seo/Albanese-Worlds-Best-12-Flavor-Gummi-Bears-7-5-Ounce-Peg-Bag-Pack-Of-12_0996b1a7-22a2-4710-9f65-93e08ce8ae43.158f51758733300121a1de9a61d42f9d.jpeg,1,active
albanese-worlds-best-12-flavor-gummi-bears-7-5-ounce-peg-bag-pack-of-12,,,,,,,,,,,,,,https://i5.walmartimages.com/asr/4ebb10c7-0019-4a35-adad-a269016f8451.33a63b2dc9e2a35bc1a924c5e1347a82.jpeg,2,
albanese-worlds-best-12-flavor-gummi-bears-7-5-ounce-peg-bag-pack-of-12,,,,,,,,,,,,,,https://i5.walmartimages.com/asr/e9c55b1c-8b7f-4676-8126-5a7c375d1a30.147cc6307ab622e9336116199b69a492.jpeg,3,
lucas-oil-products-luc10013-1-gal-fuel-treatment-oil,Lucas Oil Products LUC10013 1 gal Fuel Treatment Oil,"<p>
  <strong>Lucas Fuel Treatment</strong> combines powerful oils and additives—without solvents—to boost power, fuel mileage, and lower exhaust emissions by ensuring more complete combustion. It works for both gasoline and diesel engines, including carbureted and fuel-injected systems.
</p>
<p>
  This treatment delivers a highly effective cleaning and lubrication action for your entire fuel system, including carburetors and injectors, while also improving combustion for increased power and reduced fuel consumption.
</p>
<ul>
  <li><strong>Cleans & Lubricates:</strong> Contains detergents and additives that clean carburetors, injectors, and combustion chambers, while lubricating the entire fuel system.</li>
  <li><strong>Improves Fuel Economy:</strong> Removes deposits and contaminants, optimizing engine efficiency for better mileage.</li>
  <li><strong>Reduces Emissions:</strong> Promotes complete combustion, reducing levels of carbon monoxide, nitrogen oxides, and other harmful pollutants.</li>
  <li><strong>Boosts Power & Acceleration:</strong> Improves fuel flow and reduces deposit buildup for stronger performance.</li>
  <li><strong>Safe for Engines:</strong> Replaces the benefits of lead in gasoline without harmful emissions; helps vehicles requiring leaded fuel.</li>
  <li><strong>Protects Against Low Sulfur Diesel:</strong> Neutralizes the harmful effects of low sulfur diesel fuel.</li>
  <li><strong>Compliance:</strong> Meets federal low sulfur requirements for all diesel vehicles and equipment.</li>
  <li><strong>Usage:</strong> Add 2-3 ounces per 10 gallons of fuel. Available in 5.25oz (treats 25 gallons), 32oz (treats 100 gallons), and 1 Gallon (treats 400 gallons) sizes.</li>
</ul>
",Lucas Oil,Vehicle Parts & Accessories,Vehicle Parts & Accessories,,TRUE,Title,Default Title,10049807100138,44.99,10,9.93559E+11,https://i5.walmartimages.com/seo/Lucas-Oil-Products-LUC10013-1-gal-Fuel-Treatment-Oil_ad0b56c8-ce21-4488-8bd9-05223c5f00f9.f6360eb4b3471e84abfa481e2409cc58.jpeg,1,active
lucas-oil-products-luc10013-1-gal-fuel-treatment-oil,,,,,,,,,,,,,,https://i5.walmartimages.com/asr/d9f5e5cb-a588-449d-931b-43ee1a7120c4.8a8164a8b58519d98b12a45d8622e291.jpeg,2,
lucas-oil-products-luc10013-1-gal-fuel-treatment-oil,,,,,,,,,,,,,,https://i5.walmartimages.com/asr/8d0ee84b-1cb0-46a4-bb3c-a5427e20ecef.8cc19f82db7bf9d159dd84fa6f09e1dd.jpeg,3,
lucas-oil-products-luc10013-1-gal-fuel-treatment-oil,,,,,,,,,,,,,,https://i5.walmartimages.com/asr/11b229aa-da84-4d7b-9e82-b480d9513807.5b143bf9934e1492903ee6e5e4a76d5e.jpeg,4,
lindt-cookies-creme-white-truffle-60-count,Lindt Cookies & Creme White Truffle 60 Count,"<p>Lindt Cookies & Creme White Truffle 60 Count</p>
<p>Lindt Cookies & Creme White Truffle 60 Count</p>
<p>Lindt Cookies & Creme White Truffle 60 Count</p>
<p>Lindt Cookies & Creme White Truffle 60 Count</p>
",Lindt,Food & Beverage,Food & Beverage,,TRUE,Title,Default Title,9542452025,44.99,10,9542452025,https://i5.walmartimages.com/seo/Lindt-Cookies-Creme-White-Truffle-60-Count_7c54cc46-e558-434e-a0e0-c694d9b158da.1020c943b02fa8f9c36d427091f73988.jpeg,1,active
lindt-cookies-creme-white-truffle-60-count,,,,,,,,,,,,,,https://i5.walmartimages.com/asr/849a275e-79c4-4d09-8071-953405ccee78.7cd3b578ebc5be9206c342a8944f1ca0.jpeg,2,
lindt-cookies-creme-white-truffle-60-count,,,,,,,,,,,,,,https://i5.walmartimages.com/asr/054f3240-f54f-425a-87a9-c41d7e09e068.42c89925a7f3aa6ffe26293ee7b05301.jpeg,3,
lindt-cookies-creme-white-truffle-60-count,,,,,,,,,,,,,,https://i5.walmartimages.com/asr/8b64417f-332d-41ea-95c6-8a4ed35b42c3.887d86af15c2f9eedb99e95f42242f39.jpeg,4,
lindt-cookies-creme-white-truffle-60-count,,,,,,,,,,,,,,https://i5.walmartimages.com/asr/2ad81a87-a90c-49f7-8826-b04bb4a897d5.2e5c60d90b57c4c9b2d6394f94d0bca1.jpeg,5,
lindt-cookies-creme-white-truffle-60-count,,,,,,,,,,,,,,https://i5.walmartimages.com/asr/36eb4310-809c-440e-a810-7d9d34a51340.c8f9a63181d280590870b8665e16bc89.jpeg,6,
nongshim-bowl-noodle-hot-and-spicy-beef-ramen-3-03-ounce-pack-of-18,Nongshim Bowl Noodle Hot and Spicy Beef Ramen 3.03 Ounce (Pack of 18),"<p>
  <strong>Nongshim Bowl Noodle Hot and Spicy Beef Ramen 3.03 Ounce (Pack of 18)</strong> offers a delicious, authentic Korean-style ramen noodle soup experience in a convenient, microwavable bowl. Made with fresh ingredients, this ramyun (ramen) can be prepared in just 3-4 minutes for a quick, hearty meal anytime.
</p>
<ul>
  <li><strong>Convenient Bowl:</strong> Each recyclable, BPA-free bowl is designed to withstand microwave cooking, ensuring perfectly cooked noodles every time.</li>
  <li><strong>Low Sodium:</strong> Contains less sodium for a healthier meal option compared to traditional instant ramen.</li>
  <li><strong>Easy Preparation:</strong> Just add hot water and cook in the microwave for a fast, satisfying meal at home, work, or on the go.</li>
  <li><strong>Rich Flavor:</strong> Enjoy the spicy, beefy taste that Nongshim is famous for.</li>
  <li><strong>Affordable Price:</strong> High-quality, authentic Korean noodles without breaking the bank.</li>
</ul>
<p>
  <strong>Shipping Details:</strong> Ship From Zip Code: 78620<br>
  <strong>Weight:</strong> 8.81 lbs<br>
  <strong>Package Dimensions (L x W x H):</strong> 10.5 x 9 x 17 inches
</p>
",Nongshim,Food & Beverage,Food & Beverage,,TRUE,Title,Default Title,31146071012,35.99,10,31146071012,https://i5.walmartimages.com/seo/Nongshim-Bowl-Noodle-Hot-and-Spicy-Beef-Ramen-3-03-Ounce-Pack-of-18_d88e9787-5af6-43e8-ba1c-ae724a230dd8.b498387797e51ccd1c0b5e5be3de8e44.jpeg,1,active
nongshim-bowl-noodle-hot-and-spicy-beef-ramen-3-03-ounce-pack-of-18,,,,,,,,,,,,,,https://i5.walmartimages.com/asr/aacc4651-9770-4750-a4cf-d7ad52ed0443.9a4143e53b047658daab223aeab1e6d5.jpeg,2,
nongshim-bowl-noodle-hot-and-spicy-beef-ramen-3-03-ounce-pack-of-18,,,,,,,,,,,,,,https://i5.walmartimages.com/asr/1d82d1e4-867a-4f91-8c97-92ac25afc9fa.8f9ab8b7061175ed7e5dfbfd073b78b9.jpeg,3,
nespresso-vertuo-next-coffee-and-espresso-machine-sz-13-l-x-12-h-1835898,NESPRESSO Vertuo Next Coffee and Espresso Machine Sz 13" L x 12" H 1835898,"<p>
  <strong>NESPRESSO Vertuo Next Coffee and Espresso Machine</strong> delivers a premium, barista-quality coffee experience at home. This sleek, compact machine is designed for convenience and versatility—brew a variety of coffee and espresso sizes, from a classic espresso to a full cup, at the touch of a button.
</p>
<ul>
  <li><strong>Model:</strong> 1835898</li>
  <li><strong>Condition:</strong> New</li>
  <li><strong>Quantity:</strong> 1</li>
  <li><strong>Color:</strong> Black</li>
  <li><strong>Size:</strong> 13"" L x 12"" H (Approximate dimensions: 5.5 in. x 14.2 in. x 12 in.)</li>
  <li><strong>Weight:</strong> 8.8 pounds</li>
  <li><strong>Compatibility:</strong> Works with NESPRESSO Vertuo coffee pods—enjoy a wide range of coffee and espresso styles.</li>
  <li><strong>Construction:</strong> High-quality, durable materials for easy cleaning and long-lasting performance.</li>
  <li><strong>Design:</strong> Sleek, modern black finish fits any kitchen décor; compact size ideal for countertops.</li>
  <li><strong>Performance:</strong> Advanced brewing technology reads barcodes on each pod to optimize brewing for every coffee style.</li>
  <li><strong>Included Accessories:</strong> Aeroccino 3 milk frother for cappuccinos and lattes, plus 32 coffee & espresso capsules.</li>
  <li><strong>Incomparable Coffee Experiences:</strong> Enjoy rich, aromatic coffee and espresso with consistent quality—no complicated setup required.</li>
</ul>
",Nespresso,"Home Decor, Kitchen, & Other","Home Decor, Kitchen, & Other",,TRUE,Title,Default Title,44387112079,259.99,10,44387112079,https://i5.walmartimages.com/seo/Nespresso-Vertuo-Next-Deluxe-with-Aeroccino-3-and-32-Capsules_2029c2c9-18c4-41fa-b41e-e288b28a9fb7.9c6414fe4f913328dc7130d483336192.jpeg,1,active
nespresso-vertuo-next-coffee-and-espresso-machine-sz-13-l-x-12-h-1835898,,,,,,,,,,,,,,https://i5.walmartimages.com/asr/140e7dbd-d383-455c-a716-5233c1242fce.d761a518f52a122dc4b0b850603182ec.jpeg,2,
nespresso-vertuo-next-coffee-and-espresso-machine-sz-13-l-x-12-h-1835898,,,,,,,,,,,,,,https://i5.walmartimages.com/asr/4f9559ed-fb32-48a2-b4f5-80349468df32.f9a49306d60e93647435d281aaf841a4.jpeg,3,
nespresso-vertuo-next-coffee-and-espresso-machine-sz-13-l-x-12-h-1835898,,,,,,,,,,,,,,https://i5.walmartimages.com/asr/fd411323-5028-4ab1-a260-d92fec98059a.de8fb633c1c76e31374298e3253de52f.jpeg,4,
nespresso-vertuo-next-coffee-and-espresso-machine-sz-13-l-x-12-h-1835898,,,,,,,,,,,,,,https://i5.walmartimages.com/asr/b3b65196-03b9-41c9-adde-6f7f141273c9.fee040c3c4550e41bc0342f0b814d40d.jpeg,5,
chocxo-organic-dark-chocolate-lemon-creme-cups-14-8-ounce,"ChocXO Organic Dark Chocolate Lemon Creme Cups, 14.8 Ounce","<p>
  Enjoy a unique, refreshing treat—a rich 72% dark chocolate shell filled with a creamy lemon-infused white chocolate center. The bright, sweet filling perfectly balances the deep, smooth dark chocolate for a delightful spring-inspired experience.
</p>
<ul>
  <li><strong>Organic 72% Cacao:</strong> Premium dark chocolate for a rich, indulgent taste.</li>
  <li><strong>Non-GMO Project Verified:</strong> Made with high-quality, non-GMO ingredients.</li>
  <li><strong>Only 4g of Sugar per Cup:</strong> Lightly sweetened for mindful enjoyment.</li>
  <li><strong>Certified Gluten Free:</strong> Safe for those with gluten sensitivities.</li>
  <li><strong>Keto Certified:</strong> Fits ketogenic dietary needs.</li>
</ul>
",CHOCXO,Food & Beverage,Food & Beverage,,TRUE,Title,Default Title,68116106528,34.99,10,68116106528,https://i5.walmartimages.com/seo/ChocXO-Organic-Dark-Chocolate-Lemon-Creme-Cups-14-8-Ounce_e1be2ccc-5206-415e-8746-73b38c604d3c.48143904bef6b8bc6698f61acd65065b.jpeg,1,Active 
chocxo-organic-dark-chocolate-lemon-creme-cups-14-8-ounce,,,,,,,,,,,,,,https://i5.walmartimages.com/asr/ad8bc928-a535-41a1-b077-eb272e68d1cc.e431b9e2d35ce93a5734afd6d216e5e9.jpeg,2,
chocxo-organic-dark-chocolate-lemon-creme-cups-14-8-ounce,,,,,,,,,,,,,,https://i5.walmartimages.com/asr/eac25f7d-3466-410f-b49b-a787f2035957.48143904bef6b8bc6698f61acd65065b.jpeg,3,
chocxo-organic-dark-chocolate-lemon-creme-cups-14-8-ounce,,,,,,,,,,,,,,https://i5.walmartimages.com/asr/bbaceca5-67aa-41c5-bfdc-e44e2fc85483.e431b9e2d35ce93a5734afd6d216e5e9.jpeg,4,
chocxo-organic-dark-chocolate-lemon-creme-cups-14-8-ounce,,,,,,,,,,,,,,https://i5.walmartimages.com/asr/8f8a08ee-8581-449a-86b4-9c00bb3dd4e1.48143904bef6b8bc6698f61acd65065b.jpeg,5,
kirkland-signature-keto-snack-mix-24-ounce,Kirkland Signature Keto Snack Mix 24 Ounce,"<p>
  <strong>Kirkland Signature Keto Snack Mix 24 Ounce</strong> is a premium, keto-friendly mix featuring pecans, hazelnuts, cheese bites, Brazil nuts, and macadamia nuts. Designed for those on a ketogenic diet, it offers a satisfying, crunchy snack with only 2g net carbs per serving[web:107]. Each mix is packaged for freshness and convenience, making it ideal for home, office, or on-the-go snacking.
</p>
<p>
  <strong>Ship From Zip Code:</strong> 78620<br>
  <strong>Weight (lbs.):</strong> 2.06 lb<br>
  <strong>Package Dimensions (L x W x H):</strong> 10 x 2 x 12 inches
</p>
",KIRKLAND,Food & Beverage,Food & Beverage,,TRUE,Title,Default Title,96619016242,29.99,10,96619016242,https://i5.walmartimages.com/seo/Kirkland-Signature-Keto-Snack-Mix-24-Ounce_d6b34b5d-f43d-484f-9321-fa3f50377897.2c462f6d4580936ad744fd0c6bd4a1d2.jpeg,1,active
kirkland-signature-keto-snack-mix-24-ounce,,,,,,,,,,,,,,https://i5.walmartimages.com/asr/d7de7103-fb25-4431-af18-edd1a0ed050e.6299e11de0f50668102fdd13b7559ee8.jpeg,2,
scotch-precision-titanium-fused-scissors-8-assorted-3-count-3-pack,"Scotch Precision Titanium Fused Scissors, 8"", Assorted, 3 Count, 3 Pack","<p>
  <strong>Product details:</strong><br>
  This set includes three 8"" scissors. Each features titanium-fused blades for exceptional durability and long-lasting sharpness—blades are 4 times harder than stainless steel and offer superior resistance to corrosion and wear.
</p>
<ul>
  <li><strong>Soft Comfort Grip Handles:</strong> Ergonomically designed for comfort during extended use; handles come in assorted colors (may vary).</li>
  <li><strong>Smooth Cutting Action:</strong> Lifetime smooth cutting performance with adjustable tension control for premium results.</li>
  <li><strong>Quality Assurance:</strong> Each scissor is individually hand-tested to ensure the highest quality and optimal performance.</li>
  <li><strong>Versatile Use:</strong> Ideal for cardstock, crafts, fabric, and general cutting tasks.</li>
  <li><strong>Packaging:</strong> 3-pack of 8"" scissors; color assortment may vary.</li>
</ul>
",Scotch,Other,Other,,TRUE,Title,Default Title,638060927205,19.99,10,6.38061E+11,https://i5.walmartimages.com/seo/Scotch-Precision-Titanium-Fused-Scissors-8-Assorted-3-Count-3-Pack_cbf5c319-2268-47d1-80e0-8d2c156aa75e.d326f28fdd2710d9a544df7873f86367.jpeg,1,active
scotch-precision-titanium-fused-scissors-8-assorted-3-count-3-pack,,,,,,,,,,,,,,https://i5.walmartimages.com/asr/b243f85c-5b9d-468e-b68e-d853fef1cb78.3ef03ba1b0dee20b004900e3ff6447f7.jpeg,2,
gushers-super-sour-berry-fruit-flavored-snacks-8-count,Gushers Super Sour Berry Fruit Flavored Snacks 8 Count,"<ul>
  <li><strong>Delicious & Fun:</strong> Super Sour Gushers burst with a juicy, fruity liquid center made with real fruit juice—no gelatin or artificial flavors.</li>
  <li><strong>Low Calorie:</strong> Just 90 calories per serving.</li>
  <li><strong>Variety Pack:</strong> Enjoy assorted Super Sour Berry flavors including Mixed Berry, Blueberry Grape, and Raspberry Lemonade.</li>
  <li><strong>Great for Kids:</strong> Packaged snack bags are perfect for school lunches or on-the-go convenience.</li>
  <li><strong>Gluten Free:</strong> Made without gluten for worry-free snacking.</li>
  <li><strong>Family Friendly:</strong> An ideal pantry staple that everyone will enjoy.</li>
  <li><strong>Pack Size:</strong> One 34 oz box contains eight 4.25 oz pouches.</li>
</ul>
",Gushers,Food & Beverage,Food & Beverage,,TRUE,Title,Default Title,16000135512,29.99,10,16000135512,https://i5.walmartimages.com/seo/Gushers-Super-Sour-Berry-Fruit-Flavored-Snacks-8-Count_cb592f55-4f41-4c55-84fa-736954d4aff5.0953c100098d83f6b8f4703af2b77f9f.jpeg,1,Active 
gushers-super-sour-berry-fruit-flavored-snacks-8-count,,,,,,,,,,,,,,https://i5.walmartimages.com/asr/6f361442-d2e5-4c66-885f-bf8a9dab34a0.f3a8caf5cb867b446f0b0644e85be59e.jpeg,2,
extra-polar-ice-sugar-free-chewing-gum-slim-packs-10-ct-bulk-pack,Extra Polar Ice Sugar Free Chewing Gum Slim Packs - 10 Ct Bulk Pack,"<p>
  <strong>EXTRA Polar Ice Chewing Gum</strong> offers more than just freshness—experience long-lasting, icy mint flavor that helps you focus, adds a revitalizing boost to your day, and welcomes moments that matter.
</p>
<ul>
  <li><strong>Bulk Pack:</strong> One box contains 10 packs, each with 15 pieces—150 sticks total for continuous freshness.</li>
  <li><strong>Long-Lasting Flavor:</strong> Enjoy the cooling avalanche of mint flavor in every stick, perfect for study sessions, presentations, commutes, or casual moments.</li>
  <li><strong>On-the-Go Freshness:</strong> Keep a pack in your pocket, car, or backpack for instant breath refreshment anytime, anywhere.</li>
  <li><strong>Versatile Use:</strong> Ideal for sharing, gifting, or as a personal pick-me-up to chew away distractions and stay in the ""EXTRA Zone.""</li>
  <li><strong>Invigorating Break:</strong> Perfect for overcoming midday slumps and preparing for important moments with renewed energy.</li>
</ul>
",Extra,Food & Beverage,Food & Beverage,,TRUE,Title,Default Title,22000159533,29.99,10,22000159533,https://i5.walmartimages.com/asr/f77e626d-2d86-404f-bd0a-7290e498459b.8110c4ba11c9752606d33713ef84c274.jpeg,active,
now-and-later-original-mix-assorted-flavor-standard-bar-2-44-oz-box-of-24,"Now and Later, Original Mix, Assorted Flavor Standard Bar, 2.44 Oz (Box of 24)","<p>
  <strong>Now and Later</strong> original taffy candy is all about big, bold, long-lasting fruit flavor. Each bite-sized square is packed with intense fruitiness, making it a pocket-sized treat you can enjoy anytime—now or later!
</p>
<ul>
  <li><strong>Flavor Assortment:</strong> Cherry, Strawberry, Apple, Banana, and Grape flavors included.</li>
  <li><strong>Long-Lasting Chew:</strong> Experience the classic, enduring taste that Now and Later is famous for.</li>
  <li><strong>Bold & Fruity:</strong> Each piece delivers a powerful burst of fruit flavor—more than 16 flavors are available, but this pack focuses on five classic favorites.</li>
  <li><strong>Easy Portability:</strong> Individually wrapped pieces are perfect for tossing in your bag or pocket for on-the-go snacking.</li>
</ul>
",Now and Later,Food & Beverage,Food & Beverage,,TRUE,Title,Default Title,41420029554,44.01,10,41420029554,https://i5.walmartimages.com/seo/Now-and-Later-Original-Mix-Assorted-Flavor-Standard-Bar-2-44-Oz-Box-of-24_3e3150f7-e9c9-4634-b38b-dd60f4d8d77f_1.176da650dca3b1ef39653c8edfe79404.jpeg,1,active
now-and-later-original-mix-assorted-flavor-standard-bar-2-44-oz-box-of-24,,,,,,,,,,,,,,https://i5.walmartimages.com/asr/d42dbcd1-6019-4f08-be40-3e5711f1211a_1.0f5bdc9619e2e27d27090a97cebc71c8.jpeg,2,
pop-rocks-cherry-pack-of-24,Pop Rocks - Cherry (Pack of 24),<p>Pop Rocks - Cherry (Pack of 24)</p>,POP ROCKS,Food & Beverage,Food & Beverage,,TRUE,Title,Default Title,657789570066,26.99,10,6.5779E+11,https://i5.walmartimages.com/seo/Pop-Rocks-Cherry-Pack-of-24_f695f1f5-aaeb-4363-8a2e-201e1079321d.fc85f718cc27709a31734c4daaac0f51.jpeg,1,Active 
pop-rocks-cherry-pack-of-24,,,,,,,,,,,,,,https://i5.walmartimages.com/asr/1c6fa162-6108-4ec4-ae7b-b2754fb12c59.7e38cbf733be9c340f02622faff53fc3.jpeg,2,
pop-rocks-popping-candy-grape-0-33-oz-24-count,"POP ROCKS Popping Candy, Grape, 0.33 oz, 24 Count","<p><strong>Product details</strong><br>
POP ROCKS Popping Candy, Grape, 0.33 oz, 24 Count<br>
POP ROCKS Popping Candy, Grape, 0.33 oz, 24 Count</p>
<p><strong>Brand</strong><br>
pop rocks</p>
<p><strong>Manufacturer</strong><br>
Garvey Nut and Candy</p>
<p><strong>Item model number</strong><br>
721874012189</p>
<p><strong>Crackling sounds</strong><br>
Fizzing sounds</p>
<p><strong>Feature</strong><br>
Pebble like candies crackling in your mouth turns into Grape Bubble gum youll enjoy this new version of the classic treat.</p>
",POP ROCKS,Food & Beverage,Food & Beverage,,TRUE,Title,Default Title,761666183420,25.37,10,7.61666E+11,https://i5.walmartimages.com/seo/POP-ROCKS-Popping-Candy-Grape-0-33-oz-24-Count_727dc95f-9f11-4a4f-9f5d-026bbb49c057.4ae3bcc439e858f8cb81ad34d30e034a.jpeg,1,Active 
pop-rocks-popping-candy-grape-0-33-oz-24-count,,,,,,,,,,,,,,https://i5.walmartimages.com/asr/7197817d-38d7-4201-8c13-e73a26fe0977.c5969664103b6df4177bf0a802da429e.jpeg,2,
us-minibench-by-us-balance-1000-x-0-1-gram-digital-pocket-scale,US-MINIBENCH by US Balance 1000 x 0.1 gram Digital Pocket Scale,"<p><strong>Product details</strong><br>
4 1/4 inch by 3 inch and an ultra thin 3/4 inch thick<br>
High Quality Construction<br>
Weighs 1000 g x 0.1 gram</p>

<p><strong>Description</strong><br>
This is a Brand New Precision Pocket Scale manufactured by US Balance. It features a compact design that is light, versatile, and easily fits in your pocket. It measures 4 1/4 inch by 3 inch and an ultra thin 3/4 inch thick. The scale weighs less than 6 ounces despite being housed in a tough, hard plastic outer case.</p>

<p><strong>Included in the Box</strong><br>
- 2 AAA Batteries<br>
- User's Guide<br>
- 5 Year Warranty Certificate illustrating the high quality craftsmanship</p>

<p><strong>Warranty</strong><br>
5 Year Manufacturer Warranty</p>

<p><strong>Build Quality</strong><br>
High Quality Construction</p>

<p><strong>Battery Features</strong><br>
Automatic shut-off feature ensures long battery life<br>
Comes with 2 batteries—unlike many pocket scales, you can replace this scale's batteries yourself</p>

<p><strong>Measurement Units</strong><br>
- 1000 Grams x 0.1g<br>
- 35.20 Ounces x 0.005oz<br>
- 32.0 Troy Ounces x 0.005ozt<br>
- 643.10 Pennyweight x 0.05dwt<br>
- 5000 Carats x 0.5ct<br>
- 15000 Grains x 2.0grn</p>

<p><strong>Key Features</strong><br>
Large 4 in. x 2 3/4 in. Weighing Tray<br>
Easy 4 Button Operation (Power Button, Counting / Calibration, Tare Mode)<br>
Large, easy to read Cool Blue Backlit LCD display<br>
Comes with 2 Removable Trays<br>
PCS Function for Counting Small Parts<br>
Includes professional features normally found only on larger, much more expensive scales</p>
",Zeckos,Other,Other,,TRUE,Title,Default Title,878285001179,24.99,10,8.78285E+11,https://i5.walmartimages.com/seo/US-MINIBENCH-by-US-Balance-1000-x-0-1-gram-Digital-Pocket-Scale_fe5fb73b-a891-4fd8-ae2e-58803eb82f5b_1.4b7cf1f581854591e1fb4a8383c5db07.jpeg,1,Active 
us-minibench-by-us-balance-1000-x-0-1-gram-digital-pocket-scale,,,,,,,,,,,,,,https://i5.walmartimages.com/asr/577d9ae0-ced4-4127-8137-20d10ab9ff2c_1.15e904b92c6e4aeb1929d86e818363ca.jpeg,2,
us-minibench-by-us-balance-1000-x-0-1-gram-digital-pocket-scale,,,,,,,,,,,,,,https://i5.walmartimages.com/asr/d31cf3f0-7ab8-49bd-9a7b-c8d96aefc4de_1.6d79fc97b2d2f06c75c40623cb2c3db8.jpeg,3,
us-minibench-by-us-balance-1000-x-0-1-gram-digital-pocket-scale,,,,,,,,,,,,,,https://i5.walmartimages.com/asr/ade00297-d026-4e26-a123-1f18feaf3dfe_1.985c61ab32a58800e81a8e55cee8241e.jpeg,4,
us-minibench-by-us-balance-1000-x-0-1-gram-digital-pocket-scale,,,,,,,,,,,,,,https://i5.walmartimages.com/asr/cfeb7292-7618-49d7-85e5-3d218e99b6b4_1.656270a296045d465c98ab3543892d16.jpeg,5,
us-minibench-by-us-balance-1000-x-0-1-gram-digital-pocket-scale,,,,,,,,,,,,,,https://i5.walmartimages.com/asr/5f315603-fa73-468b-9b99-dfeaf0585e86_1.bfd175f383d0ebb72e5bdd552a438a9b.jpeg,6,
nescaf-gold-espresso-blonde-instant-coffee-3-5-oz,"Nescaf? Gold Espresso Blonde, Instant Coffee, 3.5 oz","<p><strong>Product details</strong><br>
Delve into an espresso experience crafted for you to enjoy any way you like—introducing NESCAFÉ Gold Espresso Blonde. A high-quality instant espresso, NESCAFÉ Gold Espresso delivers café-style crema with a velvety, smooth taste. Responsibly sourced using golden-roasted Arabica coffee beans, this rich, smooth coffee is ready in an instant without expensive equipment. When prepared as directed, this 3.5-ounce jar makes up to 50 cups of espresso as a base for an Americano and other café-style beverages, no machine needed.</p>

<p><strong>CAFÉ-QUALITY ESPRESSO</strong><br>
Experience the rich flavor of NESCAFÉ Gold Espresso Blonde with café-style crema for a velvety, smooth taste.</p>

<p><strong>ESPRESSO EXPERIENCE</strong><br>
Ready in an instant without expensive equipment, this flavorful espresso delivers an uplifting espresso experience.</p>

<p><strong>RESPONSIBLY SOURCED</strong><br>
This high-quality instant coffee uses responsibly sourced, golden-roasted Arabica beans.</p>

<p><strong>READY IN AN INSTANT</strong><br>
It's never been easier to get a perfect cup of coffee. Simply scoop 1 teaspoon of NESCAFÉ Gold Espresso instant coffee, add 2 fluid ounces of water if making an espresso or 6 fluid ounces for an Americano, stir, and enjoy.</p>

<p><strong>MAKES UP TO 50 CUPS</strong><br>
When prepared as directed, this 3.5-ounce jar makes up to 50 cups of espresso as a base for an Americano and other café-style beverages, no machine needed. You want to succeed your way, so start your day strong and make your world.</p>
",NESCAF?,Food & Beverage,Food & Beverage,,TRUE,Title,Default Title,28000192174,19.99,10,28000192174,https://i5.walmartimages.com/seo/Nescaf-Gold-Espresso-Blonde-Instant-Coffee-3-5-oz_65a72f4c-f0d3-4426-875a-9e1249f7e10c.2fd0c4b910f83edf2b4ed5aeec4218cc.jpeg,1,Active 
nescaf-gold-espresso-blonde-instant-coffee-3-5-oz,,,,,,,,,,,,,,https://i5.walmartimages.com/asr/54a19bac-b258-4f22-9183-e13749486563.571ba1a2437dc74bddde47de7e2711af.jpeg,2,
nescaf-gold-espresso-blonde-instant-coffee-3-5-oz,,,,,,,,,,,,,,https://i5.walmartimages.com/asr/a054dab7-690f-40d8-a60b-492a110edc91.3de5047d21e275049636e99b6c7c21cf.jpeg,3,
nescaf-gold-espresso-blonde-instant-coffee-3-5-oz,,,,,,,,,,,,,,https://i5.walmartimages.com/asr/780cf8ed-71cb-46ce-a808-c737f30064f0.2600185de855a14c6af9cc57a2c90ea9.jpeg,4,
nescaf-gold-espresso-blonde-instant-coffee-3-5-oz,,,,,,,,,,,,,,https://i5.walmartimages.com/asr/1f3694ea-b3ef-4872-b4e7-eeb2325a1150.06eda5f425bd72550a5d13db2e04027f.jpeg,5,
nescaf-gold-espresso-blonde-instant-coffee-3-5-oz,,,,,,,,,,,,,,https://i5.walmartimages.com/asr/df459795-7b39-4253-94db-4607521af80d.04b5eac2ecd29ba0037420310adba8ed.jpeg,6,
nescaf-gold-espresso-blonde-instant-coffee-3-5-oz,,,,,,,,,,,,,,https://i5.walmartimages.com/asr/7a338de8-8603-4e40-a59c-ce34c8f52f1b.edfca2ecf0caa3e184ac881cad83d7de.jpeg,7,
lindt-lindor-dark-chocolate-candy-truffles-25-4-oz-60-count,"Lindt Lindor Dark Chocolate Candy Truffles, 25.4 oz., 60 Count","<p>
  <strong>Product details</strong><br>
  Enjoy a premium chocolate experience with perfectly balanced Lindt LINDOR Dark Chocolate Truffles. Delight in these gourmet chocolates with your after-dinner drink of choice, or gift the luxury of dark chocolate candy to someone special. Each truffle features a delicate dark chocolate shell with an impeccably smooth, melting dark truffle center, delivering a classic dark chocolate flavor inspired by Lindt’s famous recipe. When you break the shell, the truffle’s luscious center melts instantly, creating a truly indulgent moment.
</p>
<ul>
  <li><strong>25.4 oz., 60 truffles:</strong> Large box containing 60 individually wrapped dark chocolate truffles, perfect for sharing or gifting.</li>
  <li><strong>Dark Chocolate Flavor:</strong> Rich, classic dark chocolate shell and smooth, melting truffle center—inspired by a renowned Lindt recipe.</li>
  <li><strong>Individually Wrapped:</strong> Each truffle is wrapped for freshness and convenience.</li>
  <li><strong>Kosher Certified:</strong> Made with premium ingredients sourced from world-renowned regions.</li>
  <li><strong>Craftsmanship:</strong> Lindt chocolate reflects the passion and expertise of Lindt Master Chocolatiers for a luscious, rewarding chocolate experience.</li>
  <li><strong>Versatile Enjoyment:</strong> Perfect as a gift, for special occasions, or to savor as a personal treat.</li>
  <li><strong>Variety:</strong> Lindt LINDOR truffles are also available in other irresistible flavors, including milk chocolate, white chocolate, hazelnut, and more.*</li>
</ul>
<p><small>*Product information online may not be complete; please check the label of the actual product being purchased.</small></p>
",Lindt,Food & Beverage,Food & Beverage,,TRUE,Title,Default Title,37466020778,44.99,10,37466020778,https://i5.walmartimages.com/seo/Lindt-Lindor-Dark-Chocolate-Candy-Truffles-25-4-oz-60-Count_bb24f30c-608b-4401-9547-d94b6e78629f.7e1f3ee2bc8f8c074bcefa61844b0d92.jpeg,1,Active 
lindt-lindor-dark-chocolate-candy-truffles-25-4-oz-60-count,,,,,,,,,,,,,,https://i5.walmartimages.com/asr/527b0e3a-6232-4935-bbf9-a726d4313eb6.186ace3c343e2dc0e19ce698f9b590ef.jpeg,2,
lindt-lindor-dark-chocolate-candy-truffles-25-4-oz-60-count,,,,,,,,,,,,,,https://i5.walmartimages.com/asr/90318ffd-8a50-45a0-a936-3b1642849cf3.d743c31c4420a427bdc84148d77cb941.jpeg,3,
lindt-lindor-dark-chocolate-candy-truffles-25-4-oz-60-count,,,,,,,,,,,,,,https://i5.walmartimages.com/asr/0602e40e-45a3-48d7-9402-a8485cbbe44d.1a9f2a919992ea3979201c3d4d17cc2a.jpeg,4,
lindt-lindor-dark-chocolate-candy-truffles-25-4-oz-60-count,,,,,,,,,,,,,,https://i5.walmartimages.com/asr/5a96ed71-dde8-45fe-9024-871080641b64.e70e550a3b8a0880d9fd63c3deeb7d37.jpeg,5,
lindt-lindor-dark-chocolate-candy-truffles-25-4-oz-60-count,,,,,,,,,,,,,,https://i5.walmartimages.com/asr/93eabf73-c4cd-4546-a36e-ad53fd6e490d.e9f760548660006e76b004aafd67fc3f.jpeg,6,
lindt-lindor-dark-chocolate-candy-truffles-25-4-oz-60-count,,,,,,,,,,,,,,https://i5.walmartimages.com/asr/2b7cdc87-9782-4800-a88b-666ce3816b45.ff5e6102d9f53d8334d6ecc2f9ca368c.jpeg,7,
lindt-lindor-dark-chocolate-candy-truffles-25-4-oz-60-count,,,,,,,,,,,,,,https://i5.walmartimages.com/asr/a7fe8565-70a8-450e-beb6-2bcc443ac975.52ef7bcb79a6eee7aa1cfa046663a3e7.jpeg,8,
lindt-lindor-dark-chocolate-candy-truffles-25-4-oz-60-count,,,,,,,,,,,,,,https://i5.walmartimages.com/asr/bdfa9d26-613c-48ad-bdf4-a91d9be2b72a.8f4115d734dea48ec9ebd9b509638066.jpeg,9,
lindt-lindor-dark-chocolate-candy-truffles-25-4-oz-60-count,,,,,,,,,,,,,,https://i5.walmartimages.com/asr/398d84d8-8cef-470b-909a-3a0a93112a96.003f5e2bade0fb46498dd9db00802c24.jpeg,10,
lindt-lindor-dark-chocolate-candy-truffles-25-4-oz-60-count,,,,,,,,,,,,,,https://i5.walmartimages.com/asr/6c142ef0-0da0-4612-8ad7-89d9c885bf13.eb51481c95ebb72e4c3df1ebb0316015.jpeg,11,
braun-series-9-sport-electric-shaver-with-clean-charge-station-and-powercase,Braun Series 9 Sport + Electric Shaver with Clean & Charge Station and Powercase,"<p><strong>Product details</strong><br> Series 9 Sport+ includes 5 synchronized shaving elements designed to protect skin from nicks and cuts, with 2 specialized middle trimmers to effectively capture hair.</p> <ul> <li><strong>Wet or Dry Use:</strong> Versatile for wet or dry shaving, making it easy for daily use wherever you prefer.</li> <li><strong>60 Minute Shaving Time:</strong> Delivers up to 60 minutes of cordless shaving from a full charge.</li> <li><strong>5 Minute Quick Charge:</strong> Get one full shave from a 5-minute quick charge for convenience in a hurry.</li> <li><strong>Syncro Sonic Technology:</strong> Gently captures more hair by working across all 5 shaving elements for a close, comfortable shave.</li> <li><strong>40,000 Cutting Actions per Minute:</strong> Powerful motor delivers 40,000 cutting actions per minute for efficient, fast shaving.</li>[1][2] <li><strong>2 Specialized Trimmers:</strong> Includes two specialized trimmers at the center to capture hairs growing in different directions and those that are difficult to reach.</li> <li><strong>Braun Power Case:</strong> The world’s first mobile shaver charging case, offering easy portability and on-the-go charging.</li> </ul> <p>This advanced shaver is designed for reliability, comfort, and convenience, making it a premium choice for daily grooming and on-the-go use.</p>",Braun,Health & Beauty Electronics,Health & Beauty Electronics,,TRUE,Title,Default Title,69055143100,349.99,10,69055143100,https://i5.walmartimages.com/seo/Braun-Series-9-Sport-Electric-Shaver-with-Clean-Charge-Station-and-Powercase_d5114d85-1e15-4a66-8c1d-8198a3474b05.32b585e1000a6e2e7c081770a201380f.jpeg,1,Active 
braun-series-9-sport-electric-shaver-with-clean-charge-station-and-powercase,,,,,,,,,,,,,,https://i5.walmartimages.com/asr/01667031-ee49-46ba-9286-da7a16f3eea7.f7588166e168808c5c4744125cf2d2c7.jpeg,2,
braun-series-9-sport-electric-shaver-with-clean-charge-station-and-powercase,,,,,,,,,,,,,,https://i5.walmartimages.com/asr/c64438bc-a3f4-4812-bdcf-86ad053641e9.816e13fa98e60d2469319507aeecd970.jpeg,3,
braun-series-9-sport-electric-shaver-with-clean-charge-station-and-powercase,,,,,,,,,,,,,,https://i5.walmartimages.com/asr/9732ffef-6315-4549-95fa-07bdeba175bf.ccb87a0a8561f8a9f10af0f2e9d9d1dc.jpeg,4,
braun-series-9-sport-electric-shaver-with-clean-charge-station-and-powercase,,,,,,,,,,,,,,https://i5.walmartimages.com/asr/1b270393-11d3-437b-9d9a-259f0d306974.7ff1e9d0d87896faaac62989d77882e7.jpeg,5,
5-gum-strawberry-flood-sugarfree-gum-10-packs,"5 Gum Strawberry Flood Sugarfree Gum, 10 Packs","<p><strong>Product details</strong><br>
There are five seconds before you try something new, take a chance, push past your comfort zone. Your heart races, adrenaline rushes through your body. All of your senses become heightened. It's terrifying. And exciting. Will you play it safe? Or will you make your comfort zone uncomfortable? This is the exhilaration of the moment of choice. The choice is yours. Make it count with sugar-free 5 chewing gum.</p>

<p><strong>Package</strong><br>
5 Gum Strawberry Flood Sugarfree Gum, 10 Packs</p>
",5 Gum,Food & Beverage,Food & Beverage,,TRUE,Title,Default Title,22000110459,29.99,10,22000110459,https://i5.walmartimages.com/seo/5-Gum-Strawberry-Flood-Sugarfree-Gum-10-Packs_0be14544-f58c-4be0-9418-965972965adb_1.bc106a267a93eccc446ed646fcdd575e.jpeg,1,Active 
5-gum-strawberry-flood-sugarfree-gum-10-packs,,,,,,,,,,,,,,https://i5.walmartimages.com/asr/adcc5714-7d14-4edf-9dd0-b75310e4c706.865cc2e30f58babc81f2e49a211d350f.jpeg,2,
5-gum-strawberry-flood-sugarfree-gum-10-packs,,,,,,,,,,,,,,https://i5.walmartimages.com/asr/6e00767e-48f9-48f2-bd2f-d98693ddf551_1.5eeaeb5bc22f6ff1430e7ec72cb39cd9.jpeg,3,
5-gum-strawberry-flood-sugarfree-gum-10-packs,,,,,,,,,,,,,,https://i5.walmartimages.com/asr/ddd02fb7-d7f4-4e26-8eb2-3b79f1ecc056_1.6fa17e353301a56a001b73ebf3c51b56.jpeg,4,
pringles-original-potato-crisps-chips-lunch-snacks-5-2-oz-canister-pack-of-2,"Pringles Original Potato Crisps Chips, Lunch Snacks, 5.2 oz Canister (Pack of 2)","<p><strong>Product details</strong><br> Crank up snacking moments with the outrageously delicious flavor and crispy shape of Pringles Original potato crisps. Shelf-stable, these stackable potato crisps are seasoned edge-to-edge with savory saltiness, always tasty, never greasy. Kosher Pareve. Contains wheat ingredients—enjoy these shareable, stackable snacks during game time, family movie night, barbeques, or anytime.</p> <p><strong>Package</strong><br> Includes 1, 5.2 oz can of Pringles Original potato crisps, packaged for freshness and great taste.</p> <p><strong>Food Allergen Statements</strong><br> Contains wheat ingredients.</p> <p><strong>Snack Chip Type</strong><br> Potato Chips</p> <p><strong>Third Party Accreditation Symbol on Product Package Code</strong><br> Orthodox Union Kosher</p> <p><strong>Food Preparation Method</strong><br> Baked</p> <p><strong>Flavor</strong><br> Original</p> <p><strong>Food Form</strong><br> Pieces</p> <p><strong>Texture</strong><br> Chunky</p> <p><strong>Retail Packaging</strong><br> Value Pack</p> <p><strong>Container Type</strong><br> Cylinder</p> <p><strong>Container Material</strong><br> Cardboard</p> <p><strong>Manufacturer</strong><br> Kellogg Company US</p> <p><strong>Brand</strong><br> Pringles</p> <p><strong>Assembled Product Dimensions (L x W x H)</strong><br> 3.13 x 3.13 x 9.19 Inches</p>",Prangles,Food & Beverage,Food & Beverage,,TRUE,Title,Default Title,5199795272213,14.99,10,,https://i5.walmartimages.com/seo/Pringles-Original-Potato-Crisps-Chips-Lunch-Snacks-5-2-oz-Canister-Pack-of-2_b6e9fd04-561a-4102-9b4d-f20fae0d1710.94dfe35d19b6a5fecaa0d10f3614978b.jpeg,1,Active 
pringles-original-potato-crisps-chips-lunch-snacks-5-2-oz-canister-pack-of-2,,,,,,,,,,,,,,https://i5.walmartimages.com/asr/3eb004a5-47a2-4f25-bbe1-7643f7c33d36.3cda856b513621120ed8a3a27b5dc75a.jpeg,2,
pringles-original-potato-crisps-chips-lunch-snacks-5-2-oz-canister-pack-of-2,,,,,,,,,,,,,,https://i5.walmartimages.com/asr/b36e650a-4cfa-4190-acc5-77f65d5f59f6.c3359419d794a5df3ad517c20d8b657e.jpeg,3,
pringles-original-potato-crisps-chips-lunch-snacks-5-2-oz-canister-pack-of-2,,,,,,,,,,,,,,https://i5.walmartimages.com/asr/7af46598-92bd-4733-ade7-f338d2ebe1a0.e8247ba3e0a43ff0235c97571cb4fb50.jpeg,4,
pringles-original-potato-crisps-chips-lunch-snacks-5-2-oz-canister-pack-of-2,,,,,,,,,,,,,,https://i5.walmartimages.com/asr/548e3cf2-a103-4152-a13a-f6a549d879f4.5ab09bd7bf913868d42fd8a564ff2a81.jpeg,5,
combos-cheddar-cheese-pretzel-baked-snacks-6-3-ounce-bag-pack-of-3,COMBOS Cheddar Cheese Pretzel Baked Snacks 6.3-Ounce Bag ( Pack of 3 ),"<h3>Product details</h3>
<p>
  Contains one (1) 6.3-ounce bag of COMBOS Cheddar Cheese Pretzel Baked Snacks Made with Real Cheese
</p>
<ul>
  <li>Made with Real Cheese</li>
  <li>Contains one (1) 6.3-ounce bag</li>
  <li>Cheddar-Cheese</li>
</ul>
",Combos,Food & Beverage,Food & Beverage,,TRUE,Title,Default Title,610260469112,16.99,10,6.1026E+11,https://i5.walmartimages.com/seo/COMBOS-Cheddar-Cheese-Pretzel-Baked-Snacks-6-3-Ounce-Bag-Pack-of-3_da8ba917-0131-49ab-9a9d-43aa65c1b507.f52440f3bceaba9442fb60d080ee95df.jpeg,1,Active 
airheads-xtremes-sweetly-chewy-fruity-candy-bar-4-5-oz,"Airheads Xtremes Sweetly Chewy Fruity Candy Bar, 4.5 Oz.","<p>
  Product details<br />
  For updated, accurate country of origin data, it is recommended that you rely on product packaging or manufacturer information.<br />
  AirHeads Xtremes Sweetly Sour Candy:Over 8 feet of candy<br />
  Improved rainbow berry flavor!<br />
  Everyone loves candy, but veggies need love too<br />
  Kosher<br />
  Ingredients: Ingredients: Sugar, Corn Syrup, Wheat Flour, High Fructose Corn Syrup, Corn Starch, Modified Potato Starch, Water, Malic Acid, Citric Acid, Contains Less Than 2% of: Glycerine, Artificial Flavors, Potassium Citrate, Salt, Hydrogenated Soybean Oil, Artificial Color, Blue 1, Red 40, Yellow 5, Yellow 6. Contains: Wheat Ingredients.<br />
  AirHeads Xtremes Sweetly Sour Candy, 4.5 oz
</p>
",AirHeads,Food & Beverage,Food & Beverage,,TRUE,Title,Default Title,73390670900,38.99,10,73390670900,https://i5.walmartimages.com/seo/Airheads-Xtremes-Sweetly-Chewy-Fruity-Candy-Bar-4-5-Oz_462ef0b8-11b9-439e-ba1c-437cf6272b74_1.914b37f93768153263ecb75f0676d6f9.jpeg,1,Active 
airheads-xtremes-sweetly-chewy-fruity-candy-bar-4-5-oz,,,,,,,,,,,,,,https://i5.walmartimages.com/asr/8eb2e931-6ff6-4969-8a4b-3641107a405f_1.d7d58c608cd0a43606659b88ad98a144.jpeg,2,
airheads-xtremes-sweetly-chewy-fruity-candy-bar-4-5-oz,,,,,,,,,,,,,,https://i5.walmartimages.com/asr/a5ebd438-9b98-4e57-85ce-28c11346d456_2.6e6eede76c9c3d0b2c1f6e2d35dd2292.jpeg,3,
airheads-xtremes-sweetly-chewy-fruity-candy-bar-4-5-oz,,,,,,,,,,,,,,https://i5.walmartimages.com/asr/7d19b056-1dbd-417c-a3c5-dabb646b8be9_1.2b0575e705dacd7821cb1e50db13a08f.jpeg,4,
airheads-xtremes-sweetly-chewy-fruity-candy-bar-4-5-oz,,,,,,,,,,,,,,https://i5.walmartimages.com/asr/3b4408b8-4890-441e-9f86-229ef1055710_1.12ea2c752fd922d2cf1c3bbaefba6561.jpeg,5,
trolls-princess-poppy-bitty-boomers-bluetooth-speaker,Trolls Princess Poppy Bitty Boomers Bluetooth Speaker,"<p>
  Product details<br />
  Where pop culture, lifestyle, and art meet sound! The Trolls Band Together Poppy Bitty Boomers Bluetooth Mini-Speaker is an ultra-portable, beyond adorable, wireless Bluetooth speaker. This officially licensed item can connect to any Bluetooth enabled device and even be used as a selfie remote. Imagine a collectible with a purpose!<br />
  Tiny Size. Huge Sound. The ultimate Tech Toy, Bitty Boomers are packed with Bluetooth 5.0 technology, which includes faster transmission and less power consumption. Bitty Boomers have a 30 ft. wireless range and over 4 hours of music time on a single charge (micro USB charging cable included). Coming in at just under 2-inches in height and weighing only 1/4 of a lb. they can easily be carried in a pocket, or strapped to a backpack, or gym bag. Simply connect 2x Bitty Boomers together and enjoy a true wireless stereo experience that will blow your mind.<br />
  Trolls Princess Poppy Bitty Boomers Bluetooth Speaker
</p>
",Trolls,Clothing,Clothing,,TRUE,Title,Default Title,746507368440,19.99,10,7.46507E+11,https://i5.walmartimages.com/seo/Trolls-Princess-Poppy-Bitty-Boomers-Bluetooth-Speaker_13573dc3-d6fe-4a2c-ac7a-2eefe9f5d716.0aec2bbbfa5914310da5359f94a9061d.jpeg,1,Active 
trolls-princess-poppy-bitty-boomers-bluetooth-speaker,,,,,,,,,,,,,,https://i5.walmartimages.com/asr/a2afcee4-d545-4e0a-9bcc-3729f4ebed9b.b1203a6f946869a9bc8c27018294ac7d.jpeg,2,
trolls-princess-poppy-bitty-boomers-bluetooth-speaker,,,,,,,,,,,,,,https://i5.walmartimages.com/asr/092f1c34-f34c-414f-8e0a-3b95f28fa720.e635cbf0b9ba6e3e4030ed1642c64f6c.jpeg,3,
trolls-princess-poppy-bitty-boomers-bluetooth-speaker,,,,,,,,,,,,,,https://i5.walmartimages.com/asr/ae98fc7f-3600-48fc-800f-0e4abfe8db8e.a09c33074db38d069665d8e78531a7db.jpeg,4,
tiger-5-5-cup-electric-rice-cooker-auto-warmer-programmable,"Tiger 5.5-Cup Electric Rice Cooker, Auto Warmer, Programmable","<p>
  Product details<br />
  Tiger 5.5-Cup Micom Rice Cooker and Warmer Enjoy delicious and flavorful rice in your household with Tiger's Micom Rice Cooker and Warmer. With easy preparation you can select between 10 settings to prepare a variety of dishes. The rice cooker will make necessary temperature and time adjustments based on your cooking setting selection. With Tiger's own tacook cooking plate you can synchronize cooking rice and a main dish at the same time. You can also use the rice cooker for different dishes using the slow cook or steam settings.<br />
  Tiger 5.5-Cup Electric Rice Cooker, Auto Warmer, Programmable<br />
  5.5 cup capacity for cooking ample rice for family meals<br />
  Timer function for precise cooking control<br />
  LCD display for easy monitoring of cooking settings<br />
  Convenient carry handle for portability<br />
  Programmable settings for versatile cooking options<br />
  Includes tacook cooking plate, spatula, measuring cup, and cookbook<br />
  Hand wash recommended for easy maintenance<br />
  Stay cool handle for safe handling<br />
  Auto switch to warm feature keeps rice at the perfect serving temperature<br />
  Push button operation for user-friendly experience<br />
  Made of durable plastic for long-lasting use<br />
  Imported product for quality assurance
</p>
",Tiger,Large Appliances,Large Appliances,,TRUE,Title,Default Title,785830036763,129.99,10,7.8583E+11,https://i5.walmartimages.com/seo/Tiger-5-5-Cup-Electric-Rice-Cooker-Auto-Warmer-Programmable_bb90484b-bc41-40ce-9336-b8b7d4ccb59b.735bef913e75427f5b5dd7e57d8cecef.jpeg,1,Active 
tiger-5-5-cup-electric-rice-cooker-auto-warmer-programmable,,,,,,,,,,,,,,https://i5.walmartimages.com/asr/77ab64fc-e7e2-4b43-b567-71809ca0c359.f88218c4bc831aa518ff614c256a5cd4.jpeg,2,
tiger-5-5-cup-electric-rice-cooker-auto-warmer-programmable,,,,,,,,,,,,,,https://i5.walmartimages.com/asr/b753867d-ff1a-4805-80a6-7ffba544a70f.325064479b601362d8de97753efa3ed3.jpeg,3,
tiger-5-5-cup-electric-rice-cooker-auto-warmer-programmable,,,,,,,,,,,,,,https://i5.walmartimages.com/asr/84fea842-921c-4c33-a019-a53217ce1cb5.567f980acce33307a41ea849878ec1f8.jpeg,4,
tiger-5-5-cup-electric-rice-cooker-auto-warmer-programmable,,,,,,,,,,,,,,https://i5.walmartimages.com/asr/21a04f7a-fcb7-4eaa-b504-f67969674894.2b7accb5cfcde6148f98d8b89d2ac8cb.jpeg,5,
oxo-softworks-coiled-grill-brush-with-replaceable-head,OXO SoftWorks Coiled Grill Brush with Replaceable Head,"<p>
  Product details<br />
  Cleaning up after grilling doesn’t have to be a chore with the OXO SoftWorks Coiled Grill Brush with Replaceable Head. No need to wait for the grill to completely cool before scrubbing and scraping. The durable, stainless-steel coils combine with the flexible silicone to thoroughly clean grill grates, while the bristle-free design leaves nothing behind! The built-in metal scraper features cut-outs to get around grill grates to scrape off any stuck-on food. The stainless-steel body and head are high-heat resistant for cleaning hot grills, while the angled head and long, soft-grip handle allow for leverage without having to get your hands too close. Plus, the handle features a hanging loop for storage on or near the grill.<br />
  Stainless Steel Coils and Flexible Silicone Head<br />
  Bristle-Free Design<br />
  Metal Scraper with Cut-Outs<br />
  Removable Head Easily Unlatches for Cleaning/Replacing<br />
  Dishwasher Safe
</p>
",OXO,"Home Decor, Kitchen, & Other","Home Decor, Kitchen, & Other",,TRUE,Title,Default Title,840097745374,49.99,10,8.40098E+11,https://i5.walmartimages.com/seo/OXO-SoftWorks-Coiled-Grill-Brush-with-Replaceable-Head_32feb3a0-46dc-47ee-b50f-a01c84b3e267.70d3de48306a68dd2c4bf2373ec24401.jpeg,1,Active 
oxo-softworks-coiled-grill-brush-with-replaceable-head,,,,,,,,,,,,,,https://i5.walmartimages.com/asr/c2571221-59e0-43f3-98f6-d8215d5be926.8974194777f8b13682f5b6cc586a8c98.jpeg,2,
oxo-softworks-coiled-grill-brush-with-replaceable-head,,,,,,,,,,,,,,https://i5.walmartimages.com/asr/c33bbb38-b48a-4246-9a2c-bf1adee4d219.4c4286479dcef8dd3a199c09d9a5b3cb.jpeg,3,
oxo-softworks-coiled-grill-brush-with-replaceable-head,,,,,,,,,,,,,,https://i5.walmartimages.com/asr/5f699dd6-a75a-4236-b215-5a24ac8e7f0c.8a6d5813f24ed53f653791e18111af3c.jpeg,4,
oxo-softworks-coiled-grill-brush-with-replaceable-head,,,,,,,,,,,,,,https://i5.walmartimages.com/asr/4490f8c5-8fea-4379-880d-2b8088f3b7eb.20acc81449f7f55caf26dd44ed2c1fbd.jpeg,5,
puma-men-s-boxer-brief-5-pack-x-large,"Puma Men's Boxer Brief, 5 Pack (X-Large)","<p>
  Product details<br />
  PUMA Men's Microfiber Boxer Brief, 5-pack<br />
  Packs May Contain Multiple Colorways<br />
  Recycled Polyester<br />
  Comfort Waistband<br />
  Tag Free<br />
  No Fly
</p>
",PUMA,Clothing,Clothing,,TRUE,Title,Default Title,888435428145,34.99,10,8.88435E+11,https://i5.walmartimages.com/seo/Puma-Men-s-Boxer-Brief-5-Pack-X-Large_6e8bedec-6ad5-4269-b6f5-881ab43d3cff.73a7692d13dbabde2b7fe7019cbe450e.jpeg,1,Active 
,,,,,,,,,,,,,,https://i5.walmartimages.com/asr/bde64c4c-7e5f-40b7-aa8e-e37a125216f2.dfc4800a0532605d2867f5174538e5b9.jpeg,,
,,,,,,,,,,,,,,https://i5.walmartimages.com/asr/e94ef0e4-1325-4414-8620-182b21f6e1d5.5de0095c24980d86633c9396c7ba3146.jpeg,,
,,,,,,,,,,,,,,https://i5.walmartimages.com/asr/80c47625-3c34-485a-9b8f-7a1ffa97a89d.e9ee699526c180329f4d7d4543d6ee92.jpeg,,
